Login,217,278,279,280,281,282,283,284,285,286,287,288,289,290,291,292,428,429,430,431,432,433,434,435,436,437,465,466,467,468,469,470,471,472,473,474,475,476,477,478,479,480,481,482,483,684,685,687,688,689,690,691,692,693,694,695,942,1032,1034,1035,1036,1038,1039,1040,1041,1042,1047,1049,1052,1053,1054,1059,1289,1290,1291,1292,1293,1294,1295,1296,1297,1298,1299,1300,1301,1302,1303,1304,1305,1306,1307,1308,1309,1310,1311,1312,1313,1314,1315,1316,1317,1318,1319,1320,1321,1322,1323,1324,1326,1328,1329,1330,1331
 U1,,,,,,,93,,,,,,,,,,15,255,25,47,,37,,70,50,,244,42,,26,32,8,23,,,,124,,30,86,124,164,21,,,274,,,63,,,73,,38,,,,,,,,,,,,,,,,,,,,,,,,,,,,,,,,,,,,,,98,,,,,,,,,110,,74,,,,,,,,,,
 U2,24,,,,,,188,,,,,,,,,,9,24,21,215,,14,70,42,46,,,46,39,,120,6,14,,,71,49,,58,,136,47,19,,,21,,,,,,,,31,,,,,,,,,,74,,,,,,,,,52,,,,,,,,,,23,,,,,21,,13,,,,53,,,41,,,,,,,,,,,,,,,,
 U4,,,,,,,,,,,,,,,,,,,,,,,,,19,52,186,24,53,16,,5,10,,,,,,,,12,,,,,16,77,,,,,113,,18,,,,,,,,,,,,,,,,,,,,,,,,,,,,,,,,,,,,,,,,,,,,,,,,,,,,,,,,,,,
 U7,26,78,139,324,255,186,339,177,87,46,224,447,54,1513,280,161,13,45,24,43,50,39,55,61,61,139,25,44,35,22,22,9,17,47,25,14,32,62,42,132,61,35,22,1092,316,15,28,33,27,184,23,15,167,87,29,54,73,93,,42,,54,216,27,94,,101,217,121,106,255,,10,35,50,13,21,21,,22,24,56,36,,,16,,17,18,16,69,47,,23,45,50,51,24,79,,133,,,,,33,277,25,,26,27,27,93
 U8,27,50,,,,,,,,,,,,,,,18,53,28,,,,,,,,84,54,43,45,88,15,31,,,,,,,,,,,,128,,,,,,,,,,,,,,,,,,,,,,,,,,,,,,,,,,,,,,,,,,,,,,,,,,,,,,,,,,,,,,,,,,,,
 U9,149,87,293,236,18,,312,253,449,,,516,475,416,113,,15,131,14,12,81,15,62,22,21,57,86,114,138,17,42,7,62,90,448,35,54,233,42,136,29,17,27,239,260,25,,,36,,,,87,60,,,,33,,,,,,40,,,,,,,,,,,,,,,,,,,,,,,,,,,,,,,,,,,,,,,,,,,,,,,,,
 U10,,,,,39,,,,,,,,,,,,13,,24,22,,15,52,,,,,31,68,83,11,7,27,,,,,138,20,,,24,18,,,22,,,,,,37,,17,,,112,,,,,,,89,,,,,35,,,,,,,,,,,,,,,,,,,,,,,,,,,,,,,,,,,,,,,,,,,,
 U20,107,139,80,118,96,24,31,259,181,18,148,341,19,264,169,325,12,44,15,29,89,12,190,43,64,807,40,56,85,373,30,11,51,182,185,116,39,51,21,58,306,24,70,179,294,55,70,879,61,118,38,30,103,18,33,314,95,130,150,340,95,148,164,179,189,402,148,132,284,85,480,996,,,,,,,,,,,,,,,,,,,,,,,,,,,,,,,,,,,,,,,,,
 U43,,,,,,,,,,,267,79,,,,,,,,,,,,,,,,,,,,,22,,,,,46,,,,,16,92,850,,,,,,,,,,,,,26,,42,,,,,,,,52,,,,,,,,,,,,,,,,,,,,,,,,,,16,,,,,,19,,,,,36,,,,,,,,
 U44,307,43,11,80,16,244,338,47,83,36,44,429,16,100,15,144,8,30,11,20,71,157,46,25,12,49,16,28,92,60,8,6,30,133,44,19,243,39,45,32,121,40,19,377,358,10,255,142,24,59,332,36,134,74,140,139,262,39,219,273,104,183,22,75,386,64,71,95,37,78,123,96,19,8,8,18,68,11,110,88,13,33,8,38,35,7,18,13,20,11,9,16,41,25,14,68,14,11,9,22,26,11,42,222,35,15,8,7,22,14,18,9,11
 U45,,14,,,,,13,,,,,,,,,,14,9,14,13,15,10,20,19,11,,15,12,13,13,15,8,35,,17,9,11,,8,6,9,12,16,,,17,,,19,,,14,,12,,,,,,,,23,,,,,15,,,,,,26,11,11,21,10,32,,11,12,12,13,11,11,17,,18,15,20,13,22,18,25,24,15,,21,16,19,16,18,,,,18,19,9,,,,12,16
 U47,69,62,455,201,20,53,32,27,79,708,150,706,54,97,18,45,23,83,16,29,68,12,37,24,35,78,84,21,32,158,29,6,32,18,47,16,50,308,23,83,40,10,14,508,259,13,362,54,40,252,41,24,32,18,74,533,91,64,58,351,182,19,111,60,57,122,74,307,152,177,227,22,15,11,12,15,41,39,64,19,63,17,20,33,47,44,60,13,132,18,112,27,339,43,19,49,20,20,22,70,78,100,84,98,81,27,13,21,107,16,41,96,18
 U49,,,,52,109,,16,,,,,,77,64,,24,12,16,9,12,29,17,,11,30,225,18,19,12,8,17,4,18,,55,93,49,,12,21,56,8,23,,,15,,,28,274,35,11,29,121,,,,17,,,,,,24,,,,,,,,,,,,,,,,,,,,,,,,,,,,,,,,,,,,,,,,,,,,,,,,,
 U55,,19,,,,,400,,,,,,,,,,24,30,27,10,,14,,10,47,,143,26,,15,10,4,24,,,,42,,15,17,,32,12,,,14,,,27,,,98,,105,,,,15,,,99,,,28,,,,,,,,,,,,,,,,,,,,,,,,,,,,,,,,,,,,,,,,,,,,,,,,,
 U56,,,,,,,,,,,,,,,,,16,,56,38,,23,,80,83,,,,,117,38,11,83,,,39,,,16,37,,12,23,,,,,,,,,,,,,,,,,,,,,,,,,,,,,,,,,,,,,,,,,,,,,,,,,,,,,,,,,,,,,,,,,,,,,,
 U62,,,,,,,,,,,,,,,,,25,40,45,51,,12,,44,36,,,26,,161,45,7,43,,,,,,50,86,,20,18,,,48,,,,,,46,,,,,,,,,,,,,,,,,,,,,,,,,,,,,,,,,,,,,,,,,,,,,,,,,,,,,,,,,,,,,
 U65,148,322,39,323,209,670,148,329,133,244,87,375,137,456,68,,46,81,42,46,105,62,352,89,74,238,408,46,34,28,42,47,195,567,125,73,228,113,39,27,46,67,83,,,32,184,53,203,436,143,48,178,39,316,1189,49,55,87,52,150,182,158,68,353,505,62,133,505,119,600,,,,,,,,,,,,,,,,,,,,,,,,,,,,,,,,,,,,,,,,,,
 U66,,44,27,51,55,,379,,,,,,121,,57,,17,49,29,22,74,36,114,143,203,100,50,28,169,23,32,20,47,,262,147,122,150,102,27,36,33,34,,,52,,,30,,,69,,69,,,,69,,,,,,76,,,63,,,,,,,,,,,,,,,,,,,,,,,,,,,,,,,,,,,,,,,,,,,,,,
 U70,20,35,25,178,82,64,61,45,167,375,52,203,127,280,72,131,18,31,21,16,52,71,77,55,22,33,24,30,24,89,83,8,30,106,22,96,69,49,17,187,52,38,33,410,1205,,58,,,56,,19,29,,,,,28,,233,,162,,,,,57,,,,,,12,,14,,49,,,,,96,,,,18,91,24,,16,,,,52,15,,23,,,51,,,,,41,,,,,13,,,60
 U72,319,80,372,83,164,386,74,682,731,772,952,203,143,452,168,453,23,36,23,18,227,123,892,68,157,1796,65,148,314,33,17,12,64,627,257,59,205,173,56,190,328,137,51,1295,2142,,,,,,,,,,,,,,,,,,,,,,,,,,,,,,,,,,,,,,,,,,,,,,,,,,,,,,,,,,,,,,,,,,,,
 U76,356,53,220,191,81,972,27,134,108,311,246,50,32,490,696,50,18,69,58,58,84,35,43,70,54,189,35,178,192,24,33,8,37,172,140,86,35,201,40,237,261,24,38,394,373,25,36,89,64,126,29,20,61,22,233,34,,,,,,,,,,,,,,,,,,,,,,,,,,,,,,,,,,,,,,,,,,,,,,,,,,,,,,,,,
 U80,319,80,,,473,,69,,,,,,45,,,,25,100,26,16,143,32,27,79,212,42,27,116,174,19,25,12,250,,232,37,100,,169,24,443,10,14,,,47,,,,,,,,,,,,,,,,,,,,,,,,,,,,,,,,,,,,,,,,,,,,,,,,,,,,,,,,,,,,,,,,,,,
 U81,27,47,66,,55,,37,39,,,,,,,,,14,29,20,36,39,19,184,49,22,,31,37,58,17,26,6,12,,22,63,50,,15,19,34,12,20,,,53,,,30,,,26,,126,,,,22,,95,,,,82,,,47,,,,,,,,,,,,,,,,,,,,,,,,,,,,,,,,,,,,,,,,,,,,,,
 U82,116,16,,120,65,69,183,500,48,361,190,178,55,,,124,17,28,19,39,21,30,83,37,11,121,116,81,40,58,11,9,34,,22,15,70,43,30,12,10,20,21,,,15,153,95,137,,13,18,227,49,28,,98,85,,,,21,,212,,,47,,,,,,,,,,,,,,,,,,,,,,,,,,,,,,,,,,,,,,,,,,,,,,
 U86,,,,,,,,,,,,,,,,,20,,34,46,,58,,,,,,,,21,22,25,92,,,,,,39,,,40,36,,,,,,,,,,,,,,,,,,,,,,,,,,,,,,,,,,,,,,,,,,,,,,,,,,,,,,,,,,,,,,,,,,,,,,
 U89,67,39,88,89,48,123,26,12,432,407,1235,,52,,182,363,12,32,10,52,39,12,200,32,10,19,40,35,36,381,21,9,21,122,89,51,32,84,56,131,57,148,14,,,17,111,77,46,299,11,34,116,189,47,179,34,64,120,68,119,92,151,144,,190,40,478,125,36,,,,,,,,,,,,,,,,,,,,,,,,,,,,,,,,,,,,,,,,,,,
 U92,65,107,32,,25,105,28,,473,,,,296,,170,,17,16,16,17,51,16,30,86,63,92,92,51,116,73,18,7,24,213,32,236,36,192,45,26,51,26,67,952,,,,,,,,,,,,,,,,,,,,,,,,,,,,,,,,,,,,,,,,,,,,,,,,,,,,,,,,,,,,,,,,,,,,,
 U102,,,,,,,,,,,,,,,,,28,,49,13,,49,,,,,,,,,12,7,31,,,,,,,,,75,12,,,,,,,,,,,,,,,,,,,,,,,,,,,,,,84,,10,78,,,,,,,9,,,25,,71,45,13,101,,,,,,15,,,,,,,,,,,,,,,,
 U104,,,,,,,,,,,,,,,,,134,,63,30,,19,,,,,,48,,,37,42,101,,,,,,,127,,86,30,,,25,,,,,,,,,,,,34,,,,,,,,,,,,,,,,,,,,,,,,,,,,,,,,,,,,,,,,,,,,,,,,,,,,,,,
 U106,,,,,,,,,,,,,,,,,15,,30,36,,25,,,,,,,,,41,6,46,,,,,,31,,,,25,,,33,,,,,,,,,,,,,,,,,,,,,,,,,,,11,37,74,73,,,,,,,,,,13,,14,28,16,14,13,,22,40,,23,50,,,,,,,,51,,,,22,19,,
 U110,,57,,,,,25,,,,,,,,,,10,49,22,32,,16,,1310,,,70,26,,337,70,7,31,,,,,,17,,43,30,19,,,74,,,16,,,,,74,,,,,,,,,,,,,,,,,,,22,28,9,49,27,16,,32,43,49,9,,,10,,15,44,49,,30,,47,85,,19,23,35,161,,,,,,19,20,45,,54,32,17,54
 U111,262,47,33,1126,36,25,16,233,141,191,83,216,106,70,31,59,18,32,16,20,55,20,32,16,52,84,43,31,229,19,41,32,,88,249,45,33,57,30,16,19,13,25,361,458,35,150,355,144,50,155,38,40,23,393,357,80,19,276,57,205,20,555,51,62,106,34,129,188,713,26,177,21,15,60,22,75,24,209,21,30,40,17,31,43,24,182,19,29,20,45,53,195,27,27,72,23,22,24,20,398,25,26,122,44,39,16,58,44,91,33,137,24
 U113,120,,30,,,,,,,,,,,,,,27,55,19,26,43,12,85,79,,66,18,43,,17,19,22,45,,,,55,,,,29,60,15,,,38,,,106,,,19,121,21,,,,24,,,,22,,36,,,,,,,,,,,,,,,,,,,,,,,,,,,,,,,,,,,,,,,,,,,,,,,,,
 U122,11,61,103,,25,20,18,110,,26,,,21,,64,,11,56,27,42,77,8,54,19,32,20,51,51,36,11,40,5,23,17,13,40,62,24,21,5,139,24,74,,,,,,,,,,,,,,,,,,,,,,,,,,,,,,,,,,,,,,,,,,,,,,,,,,,,,,,,,,,,,,,,,,,,,,
 U123,,,,,,,,,,,,,,,,,11,15,11,12,,29,,,,,,,,,12,10,26,,,,,,17,,,,14,,,,,,,,,,,,,,,,,,,,,,,,,,,,,,,,,,,,,,,,,,,,,,,,,,,,,,,,,,,,,,,,,,,,,,
 U129,,21,,,44,,25,,,,,,43,,,,23,27,12,23,59,22,259,41,34,,48,40,60,11,13,6,23,,,70,66,,20,49,57,12,24,,,12,,,18,,,16,,14,,,,13,,,,79,,21,,,32,,,,,,,,,,,,,,,,,,,,,,,,,,,,,,,,,,,,,,,,,,,,,,
 U134,,,,81,117,,119,,,,,,84,,,,116,46,20,19,,54,,,,,40,19,,129,22,14,39,,,,,,17,,,20,122,,,,,,,,,,,,,,,,,,,,,,,,,,,,,,,,,,,,,,,,,,,,,,,,,,,,,,,,,,,,,,,,,,,,,,
 U136,35,158,,,63,10,16,,,,,,37,,,,29,146,14,35,54,29,61,74,14,,68,18,48,8,10,6,39,,27,64,24,,14,32,127,19,12,,,37,36,,41,,93,25,82,15,,,,15,,,,34,,23,,32,,,474,,,,,,,,,,,,,,,,,,,34,,,,,,,,,,,,,,,,,,,,,,,,,
 U137,70,41,20,,28,161,71,,,,,,66,,,,25,18,15,23,275,20,121,39,42,43,17,36,241,26,22,8,29,165,87,197,94,81,25,76,18,19,40,,,18,,,24,,,77,,17,45,,,33,,,69,28,,89,,,111,,,,,,,,,,,,,,,,,,,,,16,,,,,,,,,,,,,,,,,,,23,,,,,,
 U140,,,,,,,,,,,,,64,,,,11,17,17,26,,27,,,,,,19,,123,33,10,29,36,,,,82,,14,,53,13,,,19,,,,,,,,,,,,,,,,,,,,,,,,,,,,,,,,,,,,,,,,,,,,,,,,,,,,,,,,,,,,,,,,,,,
 U149,,29,,,,,,,,,,,,,,,16,,61,35,,25,,,36,,38,21,,,25,11,33,,,,,,36,,,13,18,,,20,,,,,,,,,,,,,,,,,,,,,,,,,,,,,,,,,,,,,,,,,,,,,,,,,,,,,,,,,,,,,,,,,,,
 U153,,,,,,,,,,,,,,,,,13,,32,23,,68,,,,,,,,,24,7,39,,,,,,17,,,56,21,,,23,,,,,,,,,,,,,,,,,,,,,,,,,,,,,,,,,,,,,,,,,,,,,,,,,,,,,,,,,,,,,,,,,,,
 U155,,,,,25,,,,,,,,,,,,18,,15,14,,95,,,,,,79,,63,29,16,22,,,,,,80,18,,18,33,,,46,,,,,,,,23,,,,91,,,,,,,,,,,,,,,,,,,,,,,,,,,,,,,,,,,,,,,,,,,,,,,,,,,,,,,
 U156,,,,,,,,,,,,,,,,,22,28,47,58,,22,,,,,,,,,61,12,41,,,,,,41,,,,26,,,,,,,,,,,,,,,,,,,,,,,,,,,,,,,,,,,,,,,,,,,,,,,,,,,,,,,,,,,,,,,,,,,,,,
 U158,,,,,,,,,,,,,,,,,207,37,25,56,,10,,,16,,100,,,41,17,8,53,,,,,,19,,,37,95,,,,,,,,,,,,,,,,,,,,,,,,,,,,,,,,,,,,,,,,,,,,,,,,,,,,,,,,,,,,,,,,,,,,,,
 U162,,,,,,,,,,,,,,,,,13,,34,108,,22,,,39,,,,,,152,7,19,,,,,,26,,,17,22,,,37,,,,,,,,,,,,,,,,,,,,,,,,,,,,,,,,,,,,,,,,,,,,,,,,,,,,,,,,,,,,,,,,,,,
 U164,,,,,,,,,,,,,,,,,44,19,26,112,,20,,,,,367,,,81,25,18,64,,,,,,115,,,,28,,,,,,,,,,,,,,,,,,,,,,,,,,,,,,,,,,,,,,,,,,,,,,,,,,,,,,,,,,,,,,,,,,,,,,
 U169,170,51,170,179,15,209,13,219,105,350,63,127,14,106,216,929,14,22,54,33,28,18,22,38,13,164,34,39,31,15,21,13,26,183,16,168,43,69,25,110,18,67,14,278,206,61,15,131,21,34,75,65,53,14,188,32,25,17,205,39,178,94,46,15,69,415,27,74,422,24,463,479,13,21,17,7,19,36,18,83,10,10,12,53,12,13,89,12,37,15,108,34,28,24,35,10,12,45,20,18,12,42,66,469,55,12,88,10,121,19,39,15,12
 U176,38,47,29,110,21,21,44,55,108,,,,447,,,,13,14,18,20,44,21,21,58,146,94,30,44,46,48,24,7,32,,19,107,76,134,60,11,79,23,14,,,49,171,55,29,19,107,48,91,21,179,,,26,,,48,62,82,29,,,,,,,,,21,42,8,13,,53,,,16,,17,,,45,,15,117,29,12,31,,26,36,,23,41,28,,,,,,,32,,,,12,84,,
 U180,28,23,214,38,30,186,18,39,138,14,81,299,260,27,202,1104,16,28,42,15,36,17,97,21,25,154,83,21,16,11,114,13,46,588,298,84,96,50,19,11,109,28,35,1361,185,31,91,85,16,168,122,67,188,27,25,13,49,72,193,178,25,97,121,40,,,17,40,162,82,,,,,,,,,,,,,,,,,,,,,,,,,,,,,,,,,,,,,,,,,,,
 U184,117,25,35,268,21,,314,100,,,48,,49,,,,24,24,28,17,18,16,225,21,64,88,41,52,71,87,13,7,26,,28,38,33,150,17,16,63,6,17,,,13,124,330,159,217,32,21,19,11,333,243,,,,,,,81,,,,,,,,,,7,9,12,20,12,29,43,20,20,31,22,54,,18,,11,26,12,17,18,,25,17,59,23,38,37,44,12,,,,63,26,,27,,,15,37,
 U185,79,45,29,,,,,,,,,,,,,,,47,,60,,41,,161,,159,,140,,132,43,11,44,,35,131,,,31,103,56,53,,,,37,196,,110,,,267,,,,,143,65,118,459,54,,,79,,,,,,69,,,,,,,,,,,,,,,,,,,,,,,,,,,,,,,,,,,,,,,,,,,
 U192,,,,,,,,,,,,,,,,,14,27,15,23,,15,,,40,,,,,18,46,8,36,,,,,,109,43,,40,16,,,13,,,,,,19,,,165,,,,,,,,,,,,,,,,,,,,,,,,,,,,,,,,,,,,,,,,,,,,,,,,,,,,,,,,,,
 U193,,,,,,,,,,,,,,,,,44,,102,15,148,24,,,,,,,,17,,11,38,,,,63,,44,,,,,,,29,,,82,,,,,,,,,,,,,,,,,,,,,,,,,,,,,,,,,,,,,,,,,,,,,,,,,,,,,,,,,,,,,,,,
 U199,,,,,,,,,,,,,,,,,13,41,11,37,,8,,,45,,,,,63,10,8,252,,,,,,46,,,106,16,,,36,,,138,,,22,,,,,,,,,,,,,,,,,,,,,,,,,,,,,,,,,,,,,,,,,,,,,,,,,,,,,,,,,,,,,
 U200,,22,175,,25,,43,,15,,,21,43,,,,113,67,12,21,353,66,117,33,25,31,22,22,109,195,110,11,53,,214,217,36,42,102,35,17,67,13,,,18,,,17,39,110,161,,334,77,,,24,40,,,47,,30,,,40,,44,,,52,14,17,8,11,17,17,28,30,18,40,10,36,83,12,53,11,12,12,33,12,58,18,13,16,16,25,10,78,25,58,39,38,32,18,13,16,,34,30,21,21
 U201,,39,103,,,,37,,,,,,,,,,17,47,15,17,75,13,38,147,82,,70,135,88,26,27,9,33,,,37,143,,33,47,106,18,17,,,126,,,,,,28,,23,,,,207,,,,,,,,,71,,,,,,12,19,50,12,40,78,,138,65,,19,,,14,,13,15,21,11,54,,46,15,39,17,17,102,,13,,195,,,70,,123,,67,13,18,37
 U203,411,550,102,46,166,19,29,608,216,521,220,896,275,411,563,597,17,40,27,23,109,50,321,122,13,110,106,30,105,12,20,8,24,932,123,175,36,181,46,26,50,14,29,401,1084,23,71,49,73,133,634,28,68,26,59,251,,,,,,,,,,,,,,,,,,,,,,,,,,,,,,,,,,,,,,,,,,,,,,,,,,,,,,,,,
 U206,,,,,,,,,,,,,,,,,15,40,41,,,105,,,,,,,,,,10,56,,,,,,195,,,,18,,,,,,,,,129,,,,,,,,,,,,,,,,,,,,,,,,,,,,,,,,,,,,17,,35,,,,,,,,,,,,,,,,,,,,,,,
 U215,,,,,60,,,,,,,,,,,,28,26,12,38,,9,,22,169,,,65,,25,13,7,42,,,102,178,,47,19,,45,16,,,82,,,29,,,38,,121,,,,,,,,,,,,,,,,,,,,,,,,,,,,,,,,,,,,,,,,,,,,,,,,,,,,,,,,,,,
 U220,76,26,13,41,58,99,18,68,691,911,230,280,55,292,1161,73,17,84,29,14,35,39,164,13,68,32,100,128,96,65,11,7,42,36,410,31,74,206,19,10,34,9,15,554,816,25,111,26,74,32,362,20,74,49,407,323,221,16,32,76,57,72,,115,64,,106,,,26,,,,,,,,,,,,,,,,,,,,,,,,,,,,,,,,,,,,,,,,,,,
 U222,,,,,,,,,,,,,,,,,31,,107,17,,54,,,,,,,,,34,16,25,,,,,,22,,,117,35,,,26,,,,,,217,,,,,,,,,,,,,,,,,,,,,,,,,,,,,,,,,,,,,,,,,,,,,,,,,,,,,,,,,,,,,
 U224,318,141,155,165,90,272,31,165,,,,,48,,,,125,19,25,21,106,50,122,16,76,345,125,34,58,24,32,9,101,,218,44,91,96,58,250,39,117,23,,121,33,288,,225,,284,50,199,398,,,,373,,362,715,122,,154,,,57,,,,,,,,,,,,,,,,,,,,,,,,,,,,,,,,,,,,,,,,,,,,,,
 U229,,,,,,,,,,,,,,,,,9,,13,11,,12,,,,,,,,,25,7,41,,,,,,58,,,10,19,,,18,,,,,,,,,,,,,,,,,,,,,,,,,,,,,,,,,,,,,,,,,,,,,,,,,,,,,,,,,,,,,,,,,,,
 U284,168,183,43,371,68,849,28,47,76,163,90,745,54,420,143,801,16,29,22,16,45,115,67,60,49,18,17,19,145,22,26,11,29,219,47,60,43,90,27,16,14,12,16,270,441,60,52,24,18,356,27,71,105,565,471,111,,,,,,,,,,,,,,,,,,,,,,,,,,,,,,,,,,,,,,,,,,,,,,,,,,,,,,,,,
 U290,,,,,96,,54,,,,,,,,,,11,54,13,11,,31,,,,,108,,,28,12,41,25,,,,,,11,,,19,13,,,32,,,,,,53,,,,,,77,,,,,,,,,,,,,,,26,89,91,29,162,38,,,,157,15,,,12,,71,87,14,27,66,,14,19,,81,,16,,,,,,,24,,65,,12,114,75,20
 U325,,,,,,,,,,,,,,,,,20,,27,17,,26,,,,,,,,41,26,9,43,,,,,,46,,,15,18,,,50,,,,,,,,19,,,,,,,,,,,,,,,,,,,,,,,,,,,,,,,,,,,,,,,,,,,,,,,,,,,,,,,,,,,
 U379,43,109,40,,22,,210,34,,,,,100,,,,20,45,20,142,64,9,58,45,39,,11,38,22,18,162,7,17,,35,216,38,,58,205,13,37,19,,,39,318,,144,,379,19,,23,,,,60,,,,16,,116,,,48,,,,,,,,,,,,,,,,,,,,,,,,,,,,,,,,,,,,,,,,,,,,,,
 U388,,40,,,64,,40,,,,,,80,,,,20,41,49,23,61,14,,105,78,,108,87,78,34,30,8,15,,163,44,39,,41,17,43,21,25,,,46,,,55,,,52,,126,46,,,,,,,,,,,,,,,,,,,,,,,,,,,,,,,,,,,,,,,,,,,,,,,,,,,,,,,,,,
 U416,221,36,96,,65,,22,39,,,,,86,,,,17,14,30,17,86,19,40,155,75,92,90,91,31,96,15,11,141,,260,146,26,140,145,63,164,125,21,,,33,199,173,163,,191,54,86,140,,,,,,,,,,,,,,,,,,,,,,,,,,,,,,,,,,,,,,,,,,,,,,,,,,,,,,,,,,,
 U441,,51,106,,54,,68,,,,,,,,,,51,410,55,70,560,30,,184,225,,24,306,,195,43,10,31,,,122,30,,47,84,,33,20,349,,13,,,77,,,183,,149,,,,,,,,,,,,,,,,,,,,,,,,,,,,,,,,,,,,,,,,,,,,,,,,,,,,,,,,,,,
 U489,,190,,,32,,,,,,,,,,,,10,23,63,18,,34,,35,16,,,12,,13,29,8,36,,,,,,20,25,,13,14,,,15,,,23,,,54,,13,,,,,,,,,,,,,,,,,,,,,,,,,,,,,,,,,,,,,,,,,,,,,,,,,,,,,,,,,,,
 U490,668,213,27,205,146,1624,52,55,21,17,156,51,142,,28,,60,34,26,81,49,16,52,44,48,51,19,78,118,13,34,6,36,25,20,101,119,122,17,414,17,26,16,163,,29,88,234,146,56,715,51,163,16,585,14,63,,,,,,,,,,,,,,,,16,,21,92,,,,,,,16,,,20,,30,,25,21,,,23,20,,33,,,,,,,,,17,,,,25,25,154,
 U494,126,44,106,38,32,35,39,67,104,18,206,137,90,61,589,421,20,37,19,18,31,33,79,39,40,68,36,27,63,12,35,20,70,28,51,21,78,708,20,20,350,29,18,978,549,26,21,149,15,99,112,16,170,299,47,222,27,34,140,64,28,76,59,297,112,486,114,38,169,420,134,733,78,54,16,13,67,46,101,34,141,98,16,44,17,41,47,27,23,24,15,29,244,14,21,92,17,13,14,29,26,69,29,68,28,19,99,20,125,48,17,30,211
 U513,,,,,,,,,,,,,,,,,11,126,22,42,,16,,,,,,,,61,50,7,39,,,,,,143,,,57,48,,,,,,,,,127,,,,,,,,,,,,,,,,,,,,,53,,54,38,,,,,,,,,,,,27,,25,,,,,,,21,,,,,,,,,,,,,,,,
 U515,,69,,,169,,,,,,,,,,,,42,19,35,54,93,27,81,88,55,,147,33,,,15,8,40,,110,44,135,32,98,33,50,22,23,,,22,,,68,,,34,,23,,,,,,,,,,,,,,,,,,,,,,,,,,,,,,,,,,,,,,,,,,,,,,,,,,,,,,,,,,,
 U525,28,62,,,,82,,,,,,,,,,,49,,60,22,,,,,,260,,,,,12,10,28,,,21,,,13,,,,19,,,17,86,,24,96,,,,,55,25,,,,,,,,,,,,,,,,,,,,,,,,,,,,,,,,,,,,,,,,,,,,,,,,,,,,,,,,,
 U550,,,,,94,,,,,,,,,,,,16,,21,15,,75,,,,,,,,,121,10,28,,,,,,,150,,33,66,,,171,,,,,,,,,,,,,,,,,,,,,,,,,,,,,,,,,,,,,,,,,,,,,,,,,,,,,,,,,,,,,,,,,,,
 U573,,,,,,,,,,,,,20,,,,54,,21,103,,27,,,,,,,,,69,8,61,,,,,,21,,,71,19,,,15,,,,,,,,,,,,,,,,,,,,,,,,,,,,,,,,,,,,,,,,,,,,,,,,,,,,,,,,,,,,,,,,,,,
 U578,,,,,,,,,,,,,,,,,11,118,76,18,,13,,69,58,,132,17,,18,32,10,109,,,,,,41,44,,58,68,,,36,,,170,,,32,,12,,,,,,,,,,,,,,,,,,,,,,,,,,,,,,,,,,,,,,,,,,,,,,,,,,,,,,,,,,,
 U580,,,,,,,,,,,,,,,,,63,131,44,20,,53,,,,,,,,108,24,14,35,,,,,,36,18,,,74,,,39,,,,,,,,31,,,,,,,,,,,,,,,,,,,,,,,,,,,,,,,,,,,,,,,,,,,,,,,,,,,,,,,,,,,
 U581,,,,,,,,,,,,,,,,,32,122,77,14,,34,,,,,,,,32,24,11,30,,,,,,17,103,,,35,,,35,,,,,,,,141,,,,35,,,,,,,,,,,,,,,,,,,,,,,,,,,,,,,,,,,,,,,,,,,,,,,,,,,,,,,
 U582,,,,,,,,,,,,,,,,,55,,13,69,,47,,,,,,,,14,151,25,53,,,,,,63,93,,42,75,,,46,,,,,,,,24,,,,,,,,,,,,,,,,,,,,,,,,,,,,,,,,,,,,,,,,,,,,,,,,,,,,,,,,,,,
 U587,,,,,,,,,,,,,,,,,17,,30,51,,12,,,,,,,,,14,11,74,,,,,,,,,86,34,,,105,,,,,,,,,,,,,,,,,,,,,,,,,,,,,,,,,,,,,,,,,,,,,,,,,,,,,,,,,,,,,,,,,,,
 U590,,95,,,83,,54,,,,,,323,,,,25,75,67,98,110,26,,49,34,,54,55,,173,21,21,130,,,175,175,,67,351,36,60,39,,,320,,,73,,,199,,16,,,,,,,,,,,,,,,,,,,,,,,,,,,,,,,,,,,,,,,,,,,,,,,,,,,,,,,,,,,
 U592,,,,,,,,,,,,,,,,,10,57,14,11,,74,,102,10,,70,38,,135,23,6,73,,,,,,16,,,27,50,,,9,,,14,,,13,,,,,,,,,,,,,,,,,,,,,,,,,,,,,,,,,,,,,,,,,,,,,,,,,,,,,,,,,,,,,
 U594,,,,,,,,,,,,,,,,,26,,56,78,,22,,,,,,111,,,23,17,58,,,,,,77,,,74,78,,,44,,,,,,,,,,,,38,,,,,,,,,,,,,,,,,,,,,,,,,,,,,,,,,,,,,,,,,,,,,,,,,,,,,,,
 U619,,55,,,49,,,,,,,,,,,,24,52,14,62,,14,,42,81,,88,74,,14,13,9,98,,,,65,,77,11,89,20,16,,,33,,,265,,,39,,16,,34,,,,,,,,,,,,,,,,,,,,,,,,,,,,,,,,,,,,,,,,,,,,,,,,,,,,,,,,,
 U621,19,69,485,30,176,855,32,180,378,815,149,48,155,434,1353,1243,29,80,21,34,167,17,73,52,65,291,84,88,74,21,30,10,75,1136,147,267,70,100,29,53,43,77,24,96,1474,29,32,120,44,126,150,97,38,25,348,1016,,,,,,,,,,,,,,,,,,,,,,,,,,,,,,,,,,,,,,,,,,,,,,,,,,,,,,,,,
 U634,,,,,,,,,,,,,,,,,11,51,48,,,,,,,,,,,,27,,62,,,,,,15,,,13,51,,,11,,,,,,19,,,,,,,,,,,,,,,,,,,,,25,,9,,,33,,,,,13,,,,,,,,10,,,25,,,21,,227,,,,,,,11,,,,71,,,
 U668,68,36,126,,59,80,81,,91,,,,105,,,,15,21,20,23,25,28,71,157,128,253,35,100,23,211,22,27,35,44,626,144,57,50,54,216,205,31,23,,,36,23,80,51,33,476,29,,18,,51,178,62,,,,74,,52,,,84,,,59,,,55,33,13,29,49,14,168,69,14,59,22,62,75,51,69,90,106,25,22,34,27,26,48,36,21,44,14,48,117,79,,,90,17,44,23,43,13,28,16,15
 U673,,123,684,,459,,104,,,,,,242,,,,10,62,18,21,60,23,,37,29,,36,55,53,45,22,5,17,,65,210,38,,55,155,52,76,36,,,178,,,102,,22,139,,54,,,,,,,,,,,,,,,,,,,,,,,,,,,,,,,,,,,,,,,,,,,,,,,,,,,,,,,,,,,
 U674,,40,709,,63,,115,,,,,,162,,,,52,61,18,19,102,23,,63,33,,84,85,55,70,19,6,42,,244,178,15,,46,13,84,32,14,,,30,,,32,,41,135,,14,,,,,,,,,,,,,,,,,,,,,,,,,,,,,,,,,,,,,,,,,,,,,,,,,,,,,,,,,,,
 U679,,,,,,,,,,,,,,,,,14,,18,38,,19,,,,,,,,20,15,7,39,,,,,,39,16,,29,56,,,33,,,,,,,,51,,,,,,,,,,,,,,,,,,,,,,,,,,,,,,,,,,,,,,,,,,,,,,,,,,,,,,,,,,,
 U681,,,,,,,,,,,,,,,,,12,,8,23,,7,,,,,,,,9,15,4,12,,,,,,14,,,13,11,,,15,,,,,,,,,,,,,,,,,,,,,,,,,,,,,,,,,,,,,,,,,,,,,,,,,,,,,,,,,,,,,,,,,,,
 U691,,27,,,51,,19,,,,,,62,,,,11,49,14,28,25,23,39,41,22,,83,14,17,13,14,10,24,,50,151,75,74,44,11,34,12,16,,56,19,58,,16,,,14,,60,,,,17,,,,,254,,212,,,,,,,,8,,7,,,,,,,31,12,,,10,,26,,11,,72,,16,,,22,,,37,,,,,23,,,,,,30,,
 U692,57,70,31,43,420,28,24,83,325,22,62,311,95,,1135,107,46,28,27,56,50,49,243,70,308,141,23,34,45,504,21,10,46,102,58,34,31,195,57,59,223,74,18,,,40,96,1039,32,402,220,54,155,313,370,1369,57,28,153,57,336,28,203,31,,67,78,105,112,116,,,67,24,40,22,30,48,,,92,63,17,,,38,112,20,19,24,28,27,,32,37,155,66,23,22,76,30,,,,,59,,47,,27,,27,
 U699,,,,,,,,,,,,,,,,,20,,17,43,,25,,,,,,,,18,72,8,21,,,,,,94,34,,205,54,,,108,,,,,,,,,,,,18,,,,,,,,,,,,,,,28,,13,,,,,,,,44,,,,,29,,23,,,,,35,,,,,,,,,,,,,,,,,,
 U706,874,41,19,99,27,42,100,80,301,289,259,199,22,,,172,23,29,35,86,36,17,64,90,31,215,32,30,194,25,20,9,37,28,29,124,173,134,52,9,15,21,18,47,187,11,177,113,28,36,129,43,179,15,204,126,102,,,,,,,,,,,,,,,,,,,,,,,,,,,,,,,21,,11,,,,,,,,,,,,,,,,,,,,,,,
 U709,133,24,59,281,42,43,53,286,44,297,256,83,17,,630,,19,20,19,32,56,21,156,59,69,264,40,77,70,51,27,12,37,71,15,48,28,121,28,107,46,69,36,242,,42,39,,107,391,164,34,103,150,82,229,31,,,,,,,,,,,,,,,,,,,,,,,,,,,,,,,,,,,,,,,,,,,,,,,,,,,,,,,,
 U712,,58,,,,,81,,,,,,,,,,13,35,,35,,,,,40,,,76,,156,,6,81,,,37,,,25,218,33,28,,,,47,,,,,,,,407,,,69,,,,,,,,,,,,,,,,,,,,,,,,,,,,,,,,,,,,,,,,,,,,,,,,,,,,,,,,
 U716,192,68,44,,100,72,18,,,,,,38,,,,101,44,26,42,146,51,37,52,14,,50,177,36,19,46,13,26,,140,16,24,,23,38,159,67,40,,,67,,63,102,,18,17,,89,,,,,,,,,,,,,,,,,,,,,,,,,,,,,,,,,,,,,,,,,,,,,,,,,,,,,,,,,,,
 U717,25,114,33,33,240,18,87,137,35,343,76,47,403,262,291,238,28,71,45,34,63,28,45,25,424,287,14,32,76,258,46,8,56,263,375,113,42,141,22,168,51,25,20,491,778,43,181,86,24,92,366,62,254,354,217,877,53,,,,,,,,,,,,,,,,,,,,,,,,,,,,,,,,,,,,,,,,,,,,,,,,,,,,,,,,
 U719,,,,,,,,,,,,,,,,,28,,28,21,,46,,,,,,,,,54,6,24,,,,,,52,,,16,67,,,20,,,,,,,,,,,,,,,,,,,,,,,,,,,,,,,,,,,,,,,,,,,,,,,,,,,,,,,,,,,,,,,,,,,
 U731,26,33,,,11,,22,,,,,,,,,,8,61,10,23,63,7,17,9,38,,37,19,37,18,11,6,22,,,,12,,34,13,46,29,19,,,16,,,21,,,25,,11,,,,,,,,,,,,,,,,,,,,,,,,,,,,,,,,,,,,,,,,,,,,,,,,,,,,,,,,,,,
 U732,,,,,,,,,,,,,,,,,34,76,14,47,,17,,14,42,,,15,,59,99,8,34,,,,,,21,34,,32,16,,,13,,,81,,,39,,28,,,,,,,,,,,,,,,,,,,,,,,,,,,,,,,,,,,,,,,,,,,,,,,,,,,,,,,,,,,
 U733,,,,,,,,,,,,,,,,,33,19,21,,,52,,,,,,,,,,6,47,,,,,,,,,,18,,,14,,,,,,,,,,,,,,,,,,,,,,,,,,,,,,,,,,,,,,,,,,23,,50,,,,,,,,,,,,,,,,,,,,,,,
 U735,,,,,,,,,,,,,,,,,23,77,57,24,,55,,,,,,168,,15,53,11,71,,,,,,90,,,90,192,,,39,,,,,,,,,,,,,,,,,,,,,,,,,,,,,,,,,,,,,,,,,,,,,,,,,,,,,,,,,,,,,,,,,,,
 U741,,,,,,,,,,,,,,,,,15,41,14,15,,119,,,50,,,,,19,16,11,193,,,,,,55,10,,15,23,,,26,,,,,,,,50,,,,,,,,,,,,,,,,,,,,,,,,,,,,,,,,,,,,,,,,,,,,,,,,,,,,,,,,,,,
 U749,,,,,,,,,,,,,,,,,,,,83,,77,,131,,,,,,,82,17,25,,,,76,,,22,25,,,,,13,,,,,,,,,,,,,,,,,,,,,,,,,,,,,,,,,,,,,,,,,,,,,,,,,,,,,,,,,,,,,,,,,,,
 U754,98,60,648,353,18,29,61,72,70,268,575,186,297,,580,,41,51,31,17,76,16,50,29,34,56,19,25,70,24,56,9,55,361,476,67,399,422,20,12,47,30,20,,,14,32,449,45,112,342,32,234,24,85,87,102,37,,,,25,,114,133,,32,,,33,,,9,25,22,16,,14,,,35,81,13,43,,15,,19,,15,,,,,,,,,,,,,,,,,65,261,,24,,,
 U764,,,,,,,,,,,,,,,,,20,,64,14,,19,,,,,,,,,25,14,51,,,,,,,,,41,23,,,36,,,,,,,,,,,51,,,,,,,,,,,,,,,,,,,,,,,,,,,,,,,,,,,,,,,,,,,,,,,,,,,,,,,,
 U774,,107,,,,,30,,,,,,,,,,16,,34,,,,259,,38,,,,,,16,10,45,,,,,,,,,,,,,,,,51,,,,,,,,391,,,,,,,,,,,,,,,,,,,,,,,,,,,,,,,,,,,,,,,,,,,,,,,,,,,,,,,,
 U784,343,17,85,335,142,63,222,80,146,12,250,129,48,115,130,76,21,16,24,64,30,19,115,29,195,205,33,15,31,8,20,5,20,84,55,104,18,244,14,51,28,13,15,82,451,23,76,356,13,74,172,22,43,167,68,298,35,80,26,80,43,136,216,71,73,34,50,217,96,173,31,32,13,12,6,7,9,9,49,12,9,14,24,23,14,33,41,14,8,8,17,21,14,22,24,10,38,15,13,61,35,69,18,76,20,15,8,16,20,30,13,18,12
 U789,175,130,381,84,96,,36,58,209,21,148,224,50,,263,,39,119,21,15,317,17,132,43,53,26,64,38,37,29,19,8,28,221,119,98,32,33,37,25,32,204,30,,,13,64,272,33,48,30,30,106,33,50,44,94,18,,155,,21,,,,,55,,,,,,16,24,17,13,97,46,,,40,22,21,66,151,33,37,12,27,12,30,26,,16,22,,22,46,18,42,134,,29,,78,19,305,273,,36,32,47,45
 U793,13,20,10,137,17,14,33,30,79,88,544,229,99,,,,119,18,16,12,33,38,34,14,112,216,54,17,289,102,16,9,13,18,38,35,18,102,27,16,15,14,26,,395,32,43,36,19,203,34,15,170,249,236,16,113,,,,,,,,,,,,,,,,,,,,,,,,,,,,,,,,,,,,,,,,,,,,,,,,,,,,,,,,
 U811,132,62,,,138,,40,,,,,,72,,,,18,44,36,67,74,19,92,142,22,,156,64,91,55,39,9,29,,,56,370,,30,16,43,14,19,,,32,,,45,,,50,,34,,,,,,,,,,,,,,,,,,,,,,,,,,,,,,,,,,,,,,,,,,,,,,,,,,,,,,,,,,,
 U812,,84,,,80,,165,,,,,,,,,,11,250,14,18,54,10,111,45,39,,50,31,112,18,18,7,56,,,55,166,,24,65,24,72,61,,,47,,,29,,,143,,29,,,,,,,,,,,,,,,,,,,,,,,,,,,,,,,,,,,,,,,,,,,,,,,,,,,,,,,,,,,
 U816,156,137,244,,74,284,51,350,,,,,400,,,,36,39,66,34,188,106,56,31,39,,87,51,71,26,31,11,54,,686,172,33,,62,371,301,87,162,,,101,34,,96,,91,44,97,72,,,,81,,172,85,267,,39,,,60,,,,,,,,,,,,,,,,,,,,,,,,,,,,,,,,,,,,,,,,,,,,,,
 U818,,84,,,,,,,,,,,,,,,16,,47,,,84,,,110,,,,,,28,13,218,,,,80,,,,138,,,,,,,,86,,,31,,,,,,,,,,,,,,,,,,,,,,,,,,,,,,,,,,,,,,,,,,,,,,,,,,,,,,,,,,,,,
 U819,,148,,,36,,,,,,,,,,,,47,107,39,38,,27,136,24,203,,69,42,,21,20,19,113,,,,,,20,18,82,41,23,,,66,,,182,,,44,,21,,,,,,,,,,,,,,,,,,,,,,,,,,,,,,,,,,,,,,,,,,,,,,,,,,,,,,,,,,,
 U828,,,,,,,,,,,,,,,,,10,,27,14,,22,,,,,,15,,,16,10,49,,,,,,16,,,20,22,,,42,,,,,,,,,,,,,,,,,,32,,,,,,,,,,,,,,,,,,,,,,,,,,,,,,,,,,,,,,,,,,,,,,,,,
 U838,,,,,,,,,,,,,,,,,22,,61,27,,36,,,,,,,,,27,54,,,,,,,,,,,86,,,,,,,,,,,,,,,,,,,,,,,,,,,,,,190,,119,315,,,,,,,193,,,23,,34,62,70,42,,,26,,,74,,,,,,,,,,,,,,85,21,
 U843,,,,,,,,,,,,,,,,,,,26,,,29,,,,,,,,,,10,140,,,,,,,,,,51,,,,,,,,,,,,,,,,,,,,,,,,,,,,,,253,,,,,,,,,,19,,,,,,22,28,,,,53,,,,,,,,,,,,,,,,,,,
 U862,,,,,,,,,,,,,,,,,26,,26,31,,185,,,,,,,,,58,16,105,,,,,,,23,,,64,,,,,,,,,,,,,,,,,,,,,,,,,,,,,,26,,,,,,,,,,,,,,,,,,,,,,,,,,,,,,,,,,,,,,,,
 U865,,,185,43,100,,20,20,63,,,,238,,,,12,24,13,24,234,23,118,32,101,57,14,66,104,11,16,7,14,,,27,82,,32,167,34,22,30,,,60,,,28,294,16,199,31,125,69,,278,18,,,,86,,58,,,63,,,,,,42,102,34,43,13,116,,,13,,89,,,16,,14,32,23,,23,,18,43,12,18,113,,,83,,,,,18,,19,,20,15,,62
 U866,,,,,41,16,,29,,,,,23,,,,16,111,19,17,84,13,35,30,39,47,48,53,32,17,14,8,26,,,,72,,26,14,62,23,17,,,82,37,,22,276,33,21,166,17,116,,,25,,,,,,,,,143,,,,,,,,10,,,,,,,,22,,,14,,55,,11,,,,,,,15,,,,,,,,,,,,,,,,
 U867,,,101,,,,,,,,,,,,,,21,45,25,,79,,,,28,,,,,53,,15,27,,,42,,,,,22,23,,,,48,,,,75,,,,,,,,,,,,,,,,,,,,,,,,,,,,,,,,,,,,,,,,,,,,,,,,,,,,,,,,,,,,,,,
 U869,,,,,,,,,,,,,,,,,36,91,16,16,,15,,13,,,,28,,87,20,8,31,,,,,,21,98,,15,17,,,20,,,43,,,19,,,,,,,,,,,,,,,,,,,,,,,,,,,,,,,,,,,,,,,,,,,,,,,,,,,,,,,,,,,,,
 U875,,,,,41,62,18,443,,,,,15,,,,46,65,,19,,11,,,,82,,14,,201,20,13,155,,,135,,184,82,,,44,20,,,19,151,1588,,,22,,105,,,,,,,70,61,,,,,,,,,,,,,,,,,,,,,,,,,,,,,,,,,,,,,,,,,,,,,,,,,,,,
 U882,68,225,208,,66,,24,87,,,,,75,,,,37,131,36,24,187,48,46,135,54,147,81,44,,91,134,10,94,,25,28,29,169,38,54,,40,23,,,26,299,,41,,257,92,163,52,,,50,23,,,,,,49,,,41,,,,,,,,,,,,,,,,18,,,,,14,,,,,,,,,,22,26,,,,,,,,,,,,,,
 U917,,32,,,93,,,,,,,,,,,,16,,22,22,37,24,,,,,,,60,,24,17,42,,,,24,,,,,,,,,,,,,,,,,,,,,,,,,,,,,,,,,,,,,,,,,,,,,,,,,,,,,,,,,,,,,,,,,,,,,,,,,,,,
 U921,182,176,14,49,79,156,98,54,175,123,84,,305,296,134,,33,19,16,12,39,48,144,67,52,96,24,41,21,36,16,11,72,113,43,187,88,50,139,344,59,13,14,144,303,18,148,379,57,90,127,54,141,128,424,97,86,24,474,276,114,66,120,59,,734,71,352,87,131,265,240,43,16,59,17,13,19,104,116,24,59,36,106,35,121,147,17,18,21,48,20,112,18,19,27,91,72,74,159,21,50,90,16,46,15,35,15,70,57,13,17,35
 U922,343,205,84,,102,30,129,149,,,,,31,,,,54,54,15,86,55,51,179,19,34,26,31,48,294,126,22,15,35,,137,213,144,167,24,193,19,107,24,,,27,224,,187,,129,145,295,28,,,,28,,290,,45,,275,,,137,,,,,,,,,,,,,,,,,,,,,,,,,,,,,,,,,,,,,,,,,,,,,,
 U937,,,,,,,32,,,,,,87,,,,13,56,13,,,14,,,28,,,,,,,7,42,,,,,,,40,,,,,,,,,,,,,,,,,,22,,,,,,49,,,,,,,,,,,,,,,,,,,,,,,,,,,,,,,,,,,,,,,,,,,,,,,,,
 U945,,,,,,,,,,,,,,,,,15,60,19,19,,18,,,,,,77,,,20,17,64,,,,,,27,21,,53,62,,,31,,,,,,84,,,,,,44,,,,,,,,,,,,,,,,,,,,,,,,,,,,,,,,,,,,,,,,,,,,,,,,,,,,,,,
 U968,,69,,,42,,59,,,,,,,,,,14,78,14,43,35,40,,39,17,,38,21,42,30,17,8,41,29,124,33,49,,22,76,69,20,22,66,,43,,,28,,307,33,,168,,,,53,161,110,,67,,39,,,,,,,,,16,,10,13,,,,,,,13,,,22,,24,11,13,11,45,,23,26,,24,,,32,,,,,,16,,,,20,51,,
 U977,,71,86,184,59,275,22,34,214,66,328,,24,,460,,17,31,33,13,85,33,226,11,26,23,12,20,156,239,66,7,24,26,38,12,43,193,33,10,73,31,20,,,10,83,,21,244,126,71,113,22,53,58,,13,31,,143,268,53,95,,,94,103,67,59,140,,11,8,39,9,50,23,84,22,24,57,15,33,11,19,,12,85,11,10,16,102,15,31,51,20,48,14,,220,35,169,,43,92,10,13,36,162,17,23,106
 U978,,,,,,,,16,,,,,,,,,14,274,21,271,,116,,40,,,23,76,,,93,9,44,,23,130,,,23,,43,16,28,,,25,60,,384,,,33,,,,,,,,110,,,,,,,,,,,,,,,,,,,,,,,,,,,,,,,,,,,,,,,,,,,,,,,,,,,,,
 U988,13,26,38,53,15,19,16,55,63,,,,16,,23,,20,31,17,22,39,14,26,25,38,26,39,12,43,60,27,8,61,42,43,15,58,33,22,7,15,13,18,,,27,156,,25,52,33,29,35,64,38,191,73,24,38,,66,21,159,23,,37,84,40,,156,109,,41,50,19,36,,,,,,,23,,,19,,14,48,34,,,,,,,24,26,37,,,,,,,,14,13,,,,11,
 U1027,,,,,,,,,,,,,,,,,21,,34,15,,25,,,,,,58,,,146,33,88,,,,,,,,,61,20,,,89,,,,,,,,,,,,,,,,,,,,,,,,,,,,,,,,,,,,,,,,,,,,,,,,,,,,,,,,,,,,,,,,,,,
 U1050,,,,,,,,,,,,,,,,,10,,76,155,,20,,,,,,16,,33,126,9,34,,,,,,93,340,,22,18,,,19,,,,,,157,,,,,,67,,,,,,119,,,,,,,,,,,,,,,,,,,,,,,,,,,,,,,,,,,,,,,,,,,,,,,,,
 U1095,,,,,,,,,,,,,,,,,24,,26,24,,20,,,,,,,,,29,14,152,,,,,,53,,,61,37,,,48,,,,,,,,,,,,,,,,,,,,,,,,,,,,,,,,,,,,,,,,,,,,,,,,,,,,,,,,,,,,,,,,,,,
 U1220,,,,,,,,,,,,,,,,,271,,47,25,,,,,,,,,,,36,49,,,,,,,,,,60,,,,33,,,,,,,,,,,,,,,,,,,,,,,,,,,26,32,80,95,,,,,,,49,,,80,,66,20,34,31,,,80,,,27,,,,,,,,,33,,,,,18,62,
 U1225,,,,,,,,,,,,,,,,,238,,39,30,,50,,,,,,,,,39,11,154,,,,,,81,,,144,15,,,247,,,,,,,,,,,,236,,,,,,,,,,,,,,,,,,,,,,,,,,,,,,,,,,,,,,,,,,,,,,,,,,,,,,,
 U1226,,,30,,,,,,,,,,43,,,,22,,28,,,15,81,,,,,,201,,21,8,59,,159,,,,,,,,24,,,,,,,,,,,,,,,,,,,30,,,,,,,,,,,,,,,,,,,,,,,,,,,,,,,,,,,,,,,,,,,,,,,,,,,
 U1325,,,,,,,,,,,,,,,,,11,44,14,37,,36,,30,,,,32,,77,18,12,20,,,,,,,35,,,15,,,177,,,,,,14,,,,,,19,,,,,,160,,,,,,,,,,,,,,,,,,,,,,,,,,,,,,,,,,,,,,,,,,,,,,,,,
 U1331,,62,72,,40,,177,,,,,,,,,,50,127,44,40,217,114,,48,86,,117,75,281,315,68,31,94,,,,87,,77,119,120,239,322,,,77,,,65,,,257,,821,,,,100,,,,224,,62,,,,,,,,,,,,,,,,,,,,,,,,,,,,,,,,,,,,,,,,,,,,,,,,,
 U1355,,84,,,,,,,,,,,,,,,17,142,17,30,,49,,36,109,,179,26,,18,,7,44,,,,58,,31,,,26,23,,,95,,,,,,24,,110,,,,54,,,,,,,,,,,,,,,,,,,,,,,,,,,,,,,,,,,,,,,,,,,,,,,,,,,,,,,
 U1365,,,,,,,,,,,,,,,,,24,147,16,58,,19,,42,46,,28,50,,19,48,8,44,,,,,,25,50,,106,22,,,118,,,38,,,56,,,,,,19,,,,,,88,,,,,,,,,,,,,,,,,,,,,,,,,,,,,,,,,,,,,,,,,,,,,,,,,
 U1374,,32,,,89,,35,,,,,,,,,,35,140,27,20,20,20,,57,28,,41,53,36,79,45,18,295,,,120,59,,29,30,34,24,48,,,46,,,138,,,97,,34,,,,31,,,,261,,83,,,,,,,,,,,,,,,,,,,,,,,,,,,,,,,,,,,,,,,,,,,,,,,,,
 U1375,46,67,152,203,200,66,27,37,63,109,,179,354,,268,61,30,90,25,23,85,51,34,18,220,152,23,23,96,59,19,9,22,264,68,94,21,297,88,23,88,26,26,,,17,220,562,53,129,23,116,93,454,228,340,119,71,262,204,219,74,51,20,254,111,127,208,37,222,,242,,,,,,,,,,,,,,,,,,,,,,,,,,,,,,,,,,,,,,,,,
 U1379,,,,,,,,,,,,,,,,,37,,20,24,,53,,,,,,,,,73,13,54,,,,,,38,,,21,21,,,19,,,,,,,,,,,,21,,,,,,,,,,,,,,,,,,,,,,,,,,,,,,,,,,,,,,,,,,,,,,,,,,,,,,,
 U1389,20,27,,,28,88,,,,,,,,,,,14,34,24,39,47,15,,48,,,148,20,107,42,11,15,48,,197,59,139,,16,,40,,,,,20,71,,66,,43,27,,87,,,,49,,,,97,,,,,58,,,,,,,,,,,,,,,,,,,,,,,,,,,,,,,,,,,,,,,,,,,,,,
 U1429,27,116,98,,27,230,20,372,,,,,73,,,,57,31,28,28,63,22,165,50,40,43,34,132,84,23,14,8,34,,41,18,29,,215,236,157,34,17,,,37,17,,71,,142,51,,231,,,,1881,,33,,15,,31,,,37,,,,,,,,,,,,,,,,,,,,,,,,,,,,,,,,,,,,,,,,,,,,,,
 U1440,,,,,,,,,,,,,,,,,25,,29,15,,48,,,,,,20,,16,64,68,65,,,,64,,116,125,,43,42,,,92,92,,,,,98,,,,,,40,,,,,,,,,,,,,,,,,,62,,,,,,,,,,,,42,,,,,,,,,,,,,,,,,,,,,,,,,
 U1443,298,26,,,41,133,15,,,,,,120,,,,19,67,42,36,60,21,,11,119,,29,37,30,48,40,9,31,,,20,73,,119,10,127,38,25,,,17,,,25,,117,20,96,13,,,,60,,129,,,,182,,,66,,138,,,,,,,,,,,,,,,,,,,,,,,,,,,,,,,,,,,,,,,,,,,,
 U1461,,,,,,,,,,,,,,,,,70,,33,,,,,,,,,24,,,,15,35,,,,,,85,,,121,19,,,27,,,,,,302,,,,,,,,,,,,,,,,,,,,,,,,,,,,,,,,,,,,,,,,,,,,,,,,,,,,,,,,,,,,,
 U1467,,,,,,,96,,,,,,,,,,,56,,24,,49,,34,,,,135,,,,12,257,,,,,,81,,,,35,,,159,,,,,,,,,,,,,,,,,,,,,,,,,,,,,,,,,,,,,,,,,,,,,,,,,,,,,,,,,,,,,,,,,,,
 U1494,,,,,,,,,,,,,,,,,,,,27,37,,,,,,,18,,,,8,55,,,154,,,55,,7,39,,,,,,,55,,,,,,,,,141,,,,,,79,,,,,,,,,,,,,,,,,,,,,,,,,,,,,,,,,,,,,,,,,,,,,,,,,
 U1549,,,,,,,,,,,,,,,,,23,,36,20,,21,,,,,,,,,127,9,69,,,,,,,,,,27,,,159,,,,,,,,,,,,,,,,,,,,,,,,,,,,,,,,,,,,,,,,,,56,,20,,,,,,,,,,,,,,,,,,,,,,,
 U1552,,,,,,,72,,,,,,,,,,28,67,18,23,,39,,44,53,,231,70,,87,81,,49,,,,,,83,102,66,33,66,,,27,,,74,,,30,,69,,,,47,,,,,,,,,,,,,,,,,,,,,,,,35,,,,39,,,,,,103,,23,,,,,,,,,,,,,,,,,,,
 U1587,,,,,,,,,,,,,,,,,56,,119,201,,19,,,,,,33,,,21,10,30,,,,,,,37,162,48,83,,,34,,,,,,,,,,,,,,,,,,,,,,,,,,,,,,,,,,,,,,,,,,,,,,,,,,,,,,,,,,,,,,,,,,,
 U1679,,,,,,,,,,,,,,,,,17,,16,63,,52,,,,,,201,,,26,12,148,,,,,,109,47,,36,16,,,31,,,,,,,,,,,,,,,,,,,,,,,,,,,,,,,,,,,,,,,,,,,,,,,,,,,,,,,,,,,,,,,,,,,
 U1734,,,,,,,,,,,,,,,,,19,,19,79,,27,,,,,,,,,139,11,47,,,,,,53,,,80,19,,,50,,,,,,,,,,,,,,,,,,,,,,,,,,,53,,39,,,,,26,,,,,,,,29,,29,,,,,,,,,,,,,,,,,,,,,,,
 U1737,,,,,,,,,,,,,,,,,19,,13,29,,26,,,,,,,,,24,7,19,,,,,,,,,9,34,,,19,,,,,,,,,,,,,,,,,,,,,,,,,,,,,,,,,,,,,,,,,,,,,,,,,,,,,,,,,,,,,,,,,,,
 U1738,,,,,,,,,,,,,,,,,23,235,27,50,,,,67,80,,26,37,,162,,9,44,,,,,,59,115,,42,71,,,62,,,,,,78,,,,,,82,,,,,,,,,,,,,,,,,,,,,,,,,,,,,,,,,,,,,,,,,,,,,,,,,,,,,,,
 U1753,71,35,97,,17,128,,45,,,,,86,,,,9,27,10,45,55,34,34,15,10,94,23,12,109,31,10,6,27,,18,37,43,73,11,8,8,11,10,,,18,,,22,,112,12,14,,,,15,9,,,,14,,,,,46,,,,,,,,,,,,,,,,,,,,,,,,,,,,,,,,,,,,,,,,,,,,,,
 U1762,,330,,,,,,,,,,,,,,,32,95,36,16,75,71,,136,,,,71,,,23,12,56,,,,,,24,,,33,19,,,,,,,,,77,,,,,,172,468,,,,,170,,,,,,,,,58,,31,45,,,,,,,82,,,15,,23,,14,85,,,29,22,,,,,,,,,,,,,,,,402,17,
 U1768,,,,,,,,,,,,,,,,,20,,53,15,,11,,,,,,96,,,37,23,21,,,,,,15,,,36,20,,,14,,,,,,,,,,,,20,,,,,,,,,,,,,,,,,,,,,,,,,,,,,,,,,,,,,,,,,,,,,,,,,,,,,,,
 U1779,,31,,,,,,,,,,,,,,,26,43,36,159,89,16,51,26,,,,96,49,14,140,23,43,,,72,85,94,55,14,,37,36,,,26,147,,,,,63,93,,,,,69,,333,31,47,,,121,,63,,,121,,,29,,19,24,,,,,,,29,,,,,39,,13,,42,,,40,,,,,,,,,,,40,,,,,129,,
 U1793,,438,,,,,,,,,,,,,,,34,61,25,,154,,400,52,35,,45,62,93,,,17,59,,,,46,,70,,,,,,,,,,,,,297,,,,,,34,,,,450,,46,,,33,,,,,,,,,,,,,,,,,,,,,,,,,,,,,,,,,,,,,,,,,,,,,,
 U1801,,44,,,55,,18,,,,,,19,,,,85,139,29,50,119,32,91,51,68,,84,68,231,13,91,21,71,,35,167,15,,58,16,23,13,29,,,136,125,,30,,,32,131,75,,,,65,,,,27,,52,,,167,,,,,,,,,,,,,,,,,,,,,,,,,,,,,,,,,,,,,,,,,,,,,,
 U1816,109,,,32,,18,38,,22,21,,,50,,,,19,98,17,46,132,34,32,17,,34,19,21,17,224,14,7,33,70,,99,32,32,16,10,61,13,16,,,17,45,41,18,29,26,40,29,,65,,,28,40,112,,31,,84,79,,56,80,,86,101,,,,,,,,,,,,,,,,,,,,,,,,,,,,,,,,,,,,,,,,,,
 U1844,70,25,18,25,17,24,115,102,50,,96,258,,145,,180,47,40,27,47,24,13,24,81,123,29,59,34,16,24,15,7,53,68,191,125,40,397,51,9,13,13,112,36,,22,81,180,32,17,137,22,195,22,59,87,,25,80,54,47,29,85,35,,21,22,95,88,393,246,,,,,,,,,,,,,,,,,,,,,,,,,,,,,,,,,,,,,,,,,,
 U1850,,,,,,,,,,,,,,,,,13,,25,46,,57,,26,,,,26,,,16,7,27,,,,,,59,,,21,163,,,14,,,,,,,,,,,,36,,,,,,,,,,,,,,,,,,,,,,,,,,,,,,,,,,,,,,,,,,,,,,,,,,,,,,,
 U1855,,,,,,,,,,,,,,,,,14,,79,12,,10,,,,,,,,,55,10,41,,,,43,,,,,,70,,,,,,,,,,,,,,,,,,,30,,,,,,,,,,,,,,,,,,,,,,,,,,,,,,,,,,,,,,,,,,,,,,,,,,,
 U1856,,,,,,,,,,,,,,,,,17,,20,31,36,36,,25,,,,26,,,24,10,39,,,,,40,25,,,13,24,,,27,,,,,,,154,,,,,21,,,,26,,,,,49,,,161,,,,,,,,,,,,,,,,,,,,,,,,,,,,,,,,,,,,,,,,,,,
 U1875,,,,,,,,,,,,,,,,,13,,16,22,,17,,17,,,,,,,40,8,29,,,,,,,,,56,69,,,22,,,,,,,,,,,,,,,,,,,,,,,,,,,,,,,,,,,,,,,,,,,,,,,,,,,,,,,,,,,,,,,,,,,
 U1889,,,,,,,,,,,,,,,,,76,,33,12,,22,,,,,,,,,25,14,50,,,,,,,,,29,22,,,22,,,,,,,,,,,,,,,,,,,,,,,,,,,,,,,,,,,,,,,,,,,,,,,,,,,,,,,,,,,,,,,,,,,
 U1890,,,,,,,18,,,,,,,,,,32,90,29,29,,16,,46,203,,22,24,,,13,11,35,,,,15,,19,,,98,18,,,15,,,40,,,43,,,,,,17,,,,,,,,,,,,,,,29,,,,,,,,,,,,,15,,,,,,,,,,,,,,,,,,,,,,,,,,22,
 U1951,,,,,,,,,,,,,,,,,15,,21,22,,44,,,,,,,,,98,18,53,,,,,,24,,,73,43,,,42,,,,,,,,,,,,,,,,,,,,,,,,,,,59,,17,43,,,,,,,23,,,49,,28,204,17,17,,,44,,,88,227,23,,,,,,,20,,,,58,22,,
 U1953,,225,17,,16,,17,62,,,,,42,,,,13,99,19,20,219,26,89,12,256,9,72,18,93,581,14,7,68,118,106,380,53,95,22,100,55,34,22,,,12,71,,37,,82,32,,143,,,54,24,82,,,26,91,53,,,105,,,119,,,6,17,11,28,102,49,47,37,10,10,33,,97,128,258,10,60,29,15,14,44,19,17,1915,68,92,30,28,38,179,,24,58,24,345,10,331,15,34,38,154
 U1964,,,,,,,,,,,,,,,,,11,,18,32,,21,,,,,,,,,10,7,62,,,,,,29,,,59,27,,,50,,,,,,,,,,,,,,,,,,,,,,,,,,,,,,,,,,,,,,,,,,,,,,,,,,,,,,,,,,,,,,,,,,,
 U1978,,,,,,,,,,,,,,,,,18,,121,16,,23,,,,,,,,,64,8,304,,,,,,,,,132,17,,,42,,,,,,,,,,,,,,,,,,,,,,,,,,,19,,,81,,,,,,,191,,,,,120,,22,,,,,,,,,,,,,,,,,,,,,,,
 U1994,57,46,14,86,68,274,18,25,312,1998,76,274,114,,42,667,11,30,14,12,229,50,70,74,41,441,61,23,56,280,12,10,44,106,194,34,125,93,14,74,55,36,16,,,15,123,24,22,38,109,19,50,52,190,166,33,17,394,191,295,104,69,45,404,83,71,114,297,63,539,76,7,7,8,9,26,20,158,55,12,54,10,26,106,13,50,21,11,11,40,30,22,21,23,10,42,14,14,25,44,42,37,147,90,27,167,54,47,47,17,25,13
 U2013,,,,,,,,,,,,,,,,,13,,16,27,,24,,,,,,34,,,44,7,41,,,,,,148,,,,23,,,18,,,,,,,,,,,,60,,,,,,,,,,,,,,,,,,,,,,,,,,,,,,,,,,,,,,,,,,,,,,,,,,,,,,,
 U2020,,,,,,,,,,,,,,,,,47,,,,,,,,,,,,,,,43,84,,,,,,63,,,,,,,,,,,,,,,,,,,,,,,,,,,,,,,,,,241,,,,,,,,,,83,,,,,193,,252,131,,,,,,,,,,,,,,,,,,,,46,,
 U2021,,,,,,,,,,,,,,,,,,,,,,,,,,,,30,,,,14,33,,,,,133,,,,,,,,,,,,,,,,,,,,17,,99,,,,,,,64,,,,,,,,,,,,,,,68,,,,,,14,,15,,,,21,,,,,,,,,,,39,,,,,,,17,
 U2066,,,,,,,,,,,,,,,,,9,,9,10,,9,,,,,,,,,9,6,92,,,,,,,,,53,37,,,15,,,,,,,,,,,,,,,,,,,,,,,,,,,15,22,11,16,,40,,,,,9,,,,,18,,26,30,25,,21,32,,,,,,,,,,,62,,22,,107,14,,
 U2067,,,,,,,,,,,,,,,,,27,64,92,95,,20,,57,,,,,,,13,10,23,,,,,,21,,,35,22,,,26,,,,,,71,,,,,,19,,,,,,,,,,,,,,,,,,34,,,,,,,,,,,,19,24,17,,,,25,39,,36,,,,,,,,,,,,,,14,38,
 U2076,,,,,,,,,,,,,,,,,12,,10,8,,12,,,,,,,,,26,10,59,,,,,,98,10,,19,44,,,20,,,,,,19,,,,,,16,,,,,,,,,,,,,,,,,,,,,,,,,,,,,,,,,,,,,,,,,,,,,,,,,,,,,,,
 U2088,,,,,,,,,,,,,,,,,37,,72,178,,32,,,,,,46,,,18,24,48,,,,,,205,,,28,19,,,49,,,,,,,,,,,,,,,,,,,,,,,,,,,,,,,,,,,,,,,,,,,,,,,,,,,,,,,,,,,,,,,,,,,
 U2127,,,,,18,,,,,,,,,,,,12,74,78,38,,10,,13,64,,36,79,,,20,7,64,,,,24,,448,,39,10,16,,,62,,,28,,,29,,,,,,23,,,,,,,,,,,,,,,,,,,,,,,,,,,,,,,,,,,,,,,,,,,,,,,,,,,,,,,
 U2140,,,,,,,,,,,,,,,,,54,,41,,,,,,,,,,,,,15,51,,,,,,,,,,24,,,,,,,,,,,,,,,,,,,,,,,,,,,,,,19,,12,22,,,,,,,26,,,,,19,,20,,,,,22,,,,,,,,,,,20,,,,,49,,
 U2143,,,,,,,,,,,,,,,,,17,34,17,20,,26,,,,,,25,,,17,6,51,,,,,,137,,22,22,50,,,90,,,,,,,80,,,,,48,,,,,,,,,,,,,,,,,,,,,,,,,,,,,,23,,,,,,,,,,,,,,,,,,,,,,,,,
 U2144,,,,,60,,29,,,,,,,,,,19,36,14,20,,33,,21,18,,45,12,,37,13,10,43,,,,,,22,13,11,8,17,,,23,,,60,,,18,,57,,,,17,,,,,,224,,,87,,,,,,42,103,21,13,20,10,,33,27,57,20,,,12,,16,12,15,13,36,,26,14,62,13,26,18,124,45,,,,,21,,16,,21,24,45,29
 U2152,,,,,,,,,,,,,,,,,93,,41,42,,31,,91,,,,52,,,33,19,46,,,,,,66,,,209,26,,,17,,,34,,,123,,,,,,164,,,,,,,,,,,,,,,226,408,338,30,28,26,,,88,104,33,123,,,54,22,,29,28,238,,200,44,,45,277,112,,,,,,,26,,,,109,56,,
 U2160,14,28,66,30,13,78,15,31,41,55,191,93,30,57,492,216,8,48,12,10,45,19,93,27,39,295,36,36,34,32,31,6,10,49,27,49,59,37,33,7,26,11,14,122,430,10,300,193,67,95,65,25,164,12,125,203,102,26,183,59,211,53,384,106,141,179,37,130,24,66,258,95,9,23,8,15,25,24,75,13,29,66,43,42,29,15,38,23,13,18,36,15,64,26,25,25,13,67,33,19,34,12,86,146,29,42,38,10,29,24,20,10,13
 U2166,,,,,,,,,,,,,,,,,13,,23,111,,92,,,,,,53,,,13,6,32,,,,,,17,,,28,14,,,70,,,,,,,,,,,,17,,,,,,,,,,,,,,,13,24,36,31,,16,,,,58,,,,11,,9,,24,21,,,29,32,,17,,,,,,,,,112,,21,,26,23,,
 U2172,,182,,,,,24,,,,,,,,,,15,105,25,57,,18,,37,79,,34,22,,,18,11,79,,,,49,,34,,158,11,29,,,21,,,38,,,37,,,,,,32,,,,,,,,,,,,,,,,,,,,,,,,,,,,,,,,,,,,,,,,,,,,,,,,,,,,,,,
 U2178,,,,,,,,,,,,,,,,,7,,10,39,,14,,26,,,,15,,55,10,7,23,,,,,,22,104,,18,12,,,18,,,,,,64,,,,,,41,,,,,,,,,,,,,,,,,,,,,,,,,,,,,,,,,,,,,,,,,,,,,,,,,,,,,,,
 U2188,,,,,,,,,,,,,,,,,15,,19,12,,15,,,,,,,,,15,15,42,,,,,,,,,,21,,,,,,,,,,,,,,,,,,,,,,,,,,,,,,11,,54,36,,,,,,,171,,,17,,16,29,32,31,,,,,,15,,,,,,,,,,,,,,,,
 U2189,,,,,,,,,,,,,,,,,22,,,,,,,,,,,,,,,11,50,,,,,,,,,,,,,72,,,,,,,,,,,,,,,,,,,,,,,,,,,,52,31,,,,,,,,,,,,,57,,17,,,,,,,,39,97,,,,,,,33,,,,,,,
 U2193,,,,,71,,19,,,,,,,,,,21,65,75,66,,16,,64,22,,35,92,,36,11,30,,,,,,,18,147,57,28,25,,,12,,,29,,,55,,44,,,,40,,,,,,,,,,,,,,,44,57,12,28,111,58,,75,33,14,19,,,29,,16,52,13,17,40,,16,29,31,106,15,58,,16,,,,,174,,13,,101,15,101,14
 U2209,,,,,,,,,,,,,,,,,14,43,13,53,,13,,,,,,29,,,16,7,,,,,,,18,,,37,13,,,15,,,,,,,,,,,,,,,,,,,,,,,,,,,8,,13,14,,,,,,,13,,,32,,13,61,26,,,,27,19,,14,,51,,,,,,,50,,,,10,14,,
 U2214,,,,,,,,,,,,,,,,,14,,23,32,,31,,,,,,,,,133,12,48,,,,,,37,,,33,15,,,14,,,,,,,,,,,,,,,,,,,,,,,,,,,73,,21,16,,,,,,,30,,,21,,18,13,14,12,30,,45,55,,53,14,,,,,,,,26,,,,28,19,29,
 U2234,,44,2193,,20,,424,,,,,,159,,,,13,52,25,131,20,939,57,36,110,85,35,30,109,11,163,10,57,,40,34,22,37,13,11,109,22,20,,,80,73,,15,46,478,42,87,232,,,58,71,,,426,83,,41,,,45,,,,,,13,11,11,14,106,20,13,27,13,90,20,70,16,52,60,26,22,20,22,66,59,34,30,14,34,72,23,184,69,,49,,,48,20,14,,67,20,34,16
 U2235,,,,,,,,,,,,,,,,,28,,16,15,,13,,,,,,,,,37,6,15,,,,,,,,,,17,,,,,,,,,59,,,,,,,,,,57,,,,,,,,,,,,,,,,,,45,,,,,,,,,,,,33,,44,,,,21,,,,,,,,47,,,,,,,
 U2236,,,,,17,,,,,,,,,,,,18,24,18,23,,13,,39,12,,,15,,13,39,9,30,,,,,,39,9,58,47,30,,,33,,,49,,,27,,,,,,,,,,22,,,,,,,,,,,22,25,25,20,20,25,,,27,47,17,,,33,,11,31,32,10,46,,21,19,20,27,55,12,24,26,,,,,12,,9,,35,37,20,63
 U2277,,,,,,,,,,,,,,,,,11,,11,21,,17,,,,,,,,,42,7,96,,,,,,43,,,39,37,,,392,,,,,,,,,,,,,,,,,,,,,,,,,,,25,20,14,112,,,,,,,17,,,87,,22,84,11,10,,,25,24,,12,38,42,,,,,,,,,,,40,14,,
 U2286,210,90,292,322,79,81,67,33,33,619,,56,56,105,497,130,44,44,16,52,56,26,37,70,61,52,35,22,451,51,21,8,41,62,147,75,52,28,76,9,43,54,31,137,784,16,42,52,24,285,15,17,235,629,187,60,160,80,217,230,877,42,502,44,347,868,159,253,16,95,302,102,20,54,33,19,55,114,212,162,41,66,19,64,14,10,58,16,21,33,17,29,15,14,14,73,13,135,106,22,116,16,36,254,41,13,146,24,196,99,26,10,90
 U2287,,,,,,,,,,,,,,,,,19,,30,75,280,20,,115,,,,272,,,43,12,41,,,,,,22,,,33,22,,,40,,,,,,,,,,,,34,,,,104,,,,,,,,,,,,,,,,,,,,,,,,,,,,,,,,,,,,,,,,,,,,,,,,,,,
 U2288,,,,,,,,,,,,,,,,,54,,21,16,,40,,,,,,,,,20,23,27,,,,,,,,,,113,,,37,,,,,,,,,,,,,,,,,,,,,,,,,,,,,,,,,,,,,,,,,,54,,23,,,,,,,,,,,,,,,,,,,,,,,
 U2318,,75,,,38,,22,,,,,,,,,,19,249,21,54,,179,,106,52,,121,50,,239,27,11,186,,,,122,,32,435,43,73,24,,,21,,,48,,,163,,26,,,,57,,,,61,,,,,,,,,,,58,24,37,15,,113,,,,,15,,,12,,30,,15,11,,,81,71,,,,,,,,,,,16,,15,,,,13,
 U2319,522,1391,158,1318,21,175,224,2655,182,613,576,347,134,2132,58,125,72,216,45,18,806,176,375,188,23,378,285,21,322,30,84,14,74,243,66,142,2424,112,36,29,62,307,22,522,673,98,907,644,84,117,51,108,181,374,144,4058,29,109,521,1360,310,53,954,46,373,945,106,383,143,186,521,61,22,29,149,47,240,123,526,100,96,355,26,232,945,30,274,34,35,53,67,121,162,95,100,19,38,24,23,257,16,45,528,112,744,23,820,283,359,37,49,172,173
 U2402,,125,,,35,,18,,,,,,,,,,33,38,32,17,,24,,179,27,,24,31,,49,50,17,31,,,,119,,20,147,8,30,61,,,63,,,51,,,36,,17,,,,83,,,,,,,,,,,,,,,,,,,,,,,,,,,,,,,,,,,,,,,,,,,,,,,,,,,,,,,
 U2406,,,,,32,,25,,,,,,48,,,,19,49,17,21,,19,,73,17,,,77,,39,45,16,44,,25,,16,,46,63,18,13,103,,,14,,,230,,,40,,,,,,49,,,,15,,,,,51,,,,,,,,,,,,,,,,,,,,,,,,,,,,,,,,,,,,,,,,,,,,,,
 U2407,,,,,53,,43,,,,,,,,,,25,48,24,221,,16,,38,45,,25,15,,37,73,10,52,,,,139,,30,145,72,12,19,,,352,,,17,,,19,,45,,,,30,,,,,,,,,,,,,,,,,,,,,,,,,,,,,,,,,,,,,,,,,,,,,,,,,,,,,,,
 U2410,,,,,,,,,,,,,,,,,,,,28,,,,,,,,,,,,8,46,,,,,,,,,,34,,,,,,,,,,,,,,,,,,,,,,,,,,,,,,17,,,,,,,,,,53,,,,,19,,29,,,,31,,,39,,,,,,,,,,,,,,,,
 U2421,,106,,,71,27,227,,,,,,,,,,57,47,191,69,253,17,23,97,79,25,123,97,153,134,17,46,,,,56,374,,37,101,29,53,104,,,55,,,41,,301,61,,146,,,64,113,,,,328,,117,,,35,,,,,,134,300,153,31,41,53,343,93,175,228,95,301,52,357,296,38,83,31,31,38,75,25,38,69,55,24,60,41,30,201,102,,122,45,,146,,40,173,142,332
 U2451,,,,,,,,,,,,,,,,,9,,15,,,,,,,,,,,,,5,21,,,,,,,,,,17,,,,,,,,,,,,,,,,,,,,,,,,,,,,,,28,19,9,14,,,,,,,19,,,39,,26,,37,31,,,,,,48,,,,,,,,,16,,43,,,,,
 U2471,,,,,,,,,,,,,,,,,48,,31,29,,26,,,,,,,,,72,12,48,,,,,,,,,,23,,,,,,,,,,,,,,,,,,,,,,,,,,,,,,17,,20,163,,,,,,,30,,,,,24,,19,,,,,,,,,,,,,,,,,,,,,,,
 U2488,,,,,,,,,,,,,,,,,11,,12,,,15,,,,,,,,,,7,42,,,,,,,,,,14,,,,,,,,,,,,,,,,,,,,,,,,,,,,,,30,,23,,,,,,,,28,,,,,17,,17,,,,51,15,,22,,,,,,,,,,,,,,,,
 U2511,,,,,,,,,,,,,,,,,29,,37,15,,38,,,,,,,,,12,8,22,,,,,,,,,15,29,,,20,,,,,,,,,,,,,,,,,,,,,,,,,,,,,,,,,,,,,,,,,,,,,,,,,,,,,,,,,,,,,,,,,,,
 U2539,61,151,19,35,121,429,53,67,44,,,,29,,,,11,70,13,37,55,28,28,34,16,85,74,47,24,87,13,11,65,460,19,79,24,59,26,12,85,18,15,,,31,169,183,29,21,141,112,52,201,28,,70,38,119,,,51,95,19,,,46,259,136,241,,36,9,13,15,29,317,23,161,51,18,20,10,182,75,17,39,13,96,17,51,20,59,38,27,29,24,39,51,141,78,18,64,76,54,119,97,13,276,32,29,18,20
 U2574,,,,,,,,,,,,,,,,,46,89,76,36,,38,,,,,,42,,,50,15,97,,,,,,,,,,72,,,70,,,,,,,,,,,,,,,,,,,,,,,,,,,23,348,74,61,,337,,,,,29,,,77,,30,896,26,111,,,72,,,78,,,,,,,,,186,,,,,,,
 U2581,,,,,,,,,,,,,,,,,20,,18,16,,11,,,,,,,,,13,8,31,,,,,,17,,,23,22,,,15,,,,,,,,,,,,,,,,,,,,,,,,,,,,,,,,,,,,,,,,,,,,,,,,,,,,,,,,,,,,,,,,,,,
 U2749,,,,,,,,,,,,,,,,,15,,31,107,,22,,,,,,34,,,48,8,40,,,,,,,,,,94,,,,,,,,,,,,,,,,,,,,,,,,137,,,,,,,,,,,,,,,,,,,,,,,,,,,,,,,,,,,,,,100,,,,,,92,,
 U2772,24,67,,,23,,26,,170,27,,86,,,,,12,149,29,30,172,64,,77,,55,28,22,69,159,175,11,42,,319,39,15,,17,23,43,13,25,,,34,,90,29,33,67,35,,12,,,99,26,,,,,,44,,,17,,42,,,39,37,54,87,40,17,67,199,65,16,68,88,11,49,36,61,22,70,24,18,80,26,27,36,198,46,48,25,37,73,156,76,,,41,79,136,,63,64,41,46
 U2777,,,,,,,,,,,,,,,,,15,,15,30,,21,,,,,,,,,25,13,,,,,,,,,,,22,,,,,,,,,,,,,,,,,,,,,,,,,,,,,,64,,18,,,,,,,,26,,,,,16,,26,,,,,,,,,,,,,,,,,,,,,,,
 U2779,,,,,,,,,,,,,,,,,31,,175,11,,18,,,,,,,,,44,8,42,,,,,,,,,,28,,,,,,,,,,,,,,,,,,,,,,,,,,,,,,11,,41,20,,,,,,,39,,,44,,43,14,55,,,,,,,14,,,,,,,,,,,,,,,,
 U2796,,,,,,,,,,,,,,,,,46,,17,,,29,,,,,,,,,,10,,,,,,,,,,,27,,,,,,,,,,,,,,,,,,,,,,,,,,,,,,12,,54,,,,,,,,47,,,,,97,,20,,,,,,,,,,,,,,,,,,,,,,,
 U2953,143,27,183,35,18,24,41,155,52,204,214,81,145,401,1343,183,22,33,21,18,55,18,18,18,55,197,63,43,158,22,25,10,72,48,209,35,72,34,17,53,61,16,30,37,,24,89,35,23,70,78,22,116,70,39,21,38,30,64,71,228,28,234,35,244,134,24,191,61,81,36,343,16,69,42,28,19,52,69,24,63,69,59,45,114,21,287,18,21,29,20,156,83,45,25,155,81,73,57,26,35,99,143,235,44,23,320,90,75,33,81,31,138
 U3079,,,,,,,,,,,,,,,,,29,,23,,,20,,,,,,,,,,15,,,,,,,,,,,20,,,,,,,,,,,,,,,,,,,,,,,,,,,,,,28,,13,,,,,,,,98,,,,,31,,23,,,,,,,,,,,,,,,,,,,,,,,
 U3094,,,,,,,23,,,,,,,,,,25,42,14,44,,21,,46,,,,18,,,26,8,34,,,,,,39,,72,19,24,,,26,,,97,,,20,,,,,,19,,,,,,,,,,,,,,,12,114,41,22,41,103,,57,129,31,44,,,19,59,27,24,18,20,34,,37,120,25,21,44,50,,,,,,,19,,,,111,77,142,27
 U3107,849,64,492,139,199,43,135,589,627,95,,150,656,,,,66,370,418,29,1034,35,1274,73,52,100,604,29,841,135,46,30,145,805,1699,810,78,,46,154,64,93,37,,,52,,,192,192,264,44,208,125,,403,423,234,,,,815,,551,,,609,,,,,,47,270,34,61,169,160,21,705,207,138,37,463,90,351,89,221,58,40,65,44,49,36,942,347,39,50,35,743,56,141,340,,1007,187,776,117,1849,81,237,45,354
 U3112,,,,,,,,,,,,,,,,,,,11,,,17,,,,,,,,,,8,41,,,,,,,,,,21,,,,,,,,,,,,,,,,,,,,,,,,,,,,,,,67,19,,,,,,,,12,,,30,,14,,27,,,,,,,,,,,,,,,,,,,,,,,
 U3113,50,11,211,63,10,33,12,55,74,,,,10,,,,34,14,19,11,41,17,9,23,106,156,41,14,60,14,25,4,31,219,10,11,28,37,12,7,14,16,10,,,19,69,17,9,45,57,30,109,23,32,,25,21,325,25,133,52,160,10,56,,54,481,38,55,204,,10,6,6,18,31,15,23,30,29,58,8,36,10,8,11,13,15,9,30,20,16,11,20,12,12,21,10,52,13,22,21,92,42,12,32,35,74,229,22,7,13
 U3146,,,,,,,,,,,,,,,,,,,,,,,,,,,,,,,,,26,60,,,,,,,,,,,,,,,,,,,,,,110,,,,,,,110,,599,,,60,,,83,,,,,,,,,,,,,117,,,,18,,,,364,,,,,57,,,,57,,,,,20,,,,,20,,
 U3167,,,,,57,,,,,,,,,,,,32,115,35,45,,41,,83,28,,41,,,35,66,24,138,,,,,,14,107,78,63,19,,,337,,,113,,,40,,,,,,152,,,,,,,,,,,,,,,30,8,12,122,99,14,,24,271,10,12,,,11,,35,180,15,21,44,,13,20,20,15,20,88,51,,158,,,,19,,17,,36,49,79,21
 U3180,,,,,,,,,,,,,,,,,14,,15,10,,16,,,56,,,34,,200,14,19,24,,,,,,29,282,,87,14,,,19,,,,,,20,,,,,,,,,,,,,,,,,,,,,17,25,39,84,,24,,,99,,14,64,,14,,22,10,35,10,19,,37,20,,13,12,119,,14,,,,,33,,11,,22,13,15,
 U3181,,,,,,,,,,,,,,,,,58,,22,12,,15,,,,,,35,,14,13,13,,,,,,,39,9,,10,15,,,24,,,,,,15,,,,,,,,,,,,,,,,,,,,,84,138,17,34,,28,,,,,28,,,14,,13,46,17,56,29,,28,35,45,20,12,74,,48,,,,,19,,289,,29,10,21,
 U3182,,,,,,,,,,,,,,,,,29,,,,,,,,,,,,,,,10,27,,,,,,,,,,,,,,,,,,,,,,,,,,,,,,,,,,,,,,,,9,,,31,,,,,,,88,,,,,14,,21,,124,,,,,,,,,,,,,,21,,,,,,,
 U3206,40,76,61,1680,107,16,20,26,79,413,177,390,35,186,270,405,40,35,15,16,42,48,40,100,85,37,16,30,161,16,58,10,25,30,147,54,31,105,56,19,42,92,34,535,70,16,36,79,120,181,19,29,79,127,26,33,82,45,489,190,197,64,468,35,252,492,63,70,222,108,252,45,44,44,68,60,22,15,37,26,49,87,14,73,113,17,63,15,65,19,17,41,24,21,22,45,22,72,75,31,20,171,178,93,97,33,19,17,176,158,16,135,15
 U3207,,25,,,52,328,272,,62,,,,118,,,,67,128,38,39,52,32,144,36,33,,125,19,90,75,124,18,,48,148,129,248,136,72,123,48,54,17,,,50,,,166,20,,18,201,750,,14,94,133,,,,140,,109,,,52,,,,,,42,33,9,46,30,98,44,132,29,103,211,143,100,68,102,60,146,60,48,62,36,44,52,13,163,45,16,55,167,242,284,,144,20,13,19,,40,316,32,23
 U3209,,,,,,,,,,,,,,,,,19,,20,,,55,,,,,,,,,,10,37,,,,,,,,,,28,,,,,,,,,,,,,,,,,,,,,,,,,,,,,,50,,14,,,,,,,,20,,,,,20,,29,,,,,,,,,,,,,,,,,,,,,,,
 U3233,,,,,,,,,,,,,,,,,30,,29,,,39,,,,,,,,,22,12,59,,,,,,,,,,20,,,18,,,,,,,,,,,,,,,,,,,,,,,,,,,45,31,21,45,,,,,27,,23,,,17,,19,,30,42,101,,39,73,,,,,,,,,,,35,,96,,14,119,,
 U3235,223,97,203,203,75,286,18,221,49,13,82,59,12,49,334,241,10,75,9,28,28,23,62,23,67,23,32,45,34,83,15,5,,18,42,15,28,123,21,24,9,20,12,22,394,34,63,79,32,51,29,31,16,23,699,22,18,29,206,532,121,20,56,58,105,310,95,73,34,145,41,172,6,7,17,12,30,19,22,29,48,80,24,67,44,70,46,12,18,13,59,49,22,36,33,10,15,16,11,65,91,22,39,238,136,43,110,9,51,48,10,12,13
 U3240,,,,,,,,,,,,,,,,,45,41,40,23,,50,,32,,,,15,,38,13,10,23,,,,,,40,44,,29,23,,,28,,,,,,37,,,,,,58,,,,,,,,,162,,,241,,,26,10,19,75,,15,,,116,,28,,,13,,16,12,52,32,133,,47,51,17,13,85,14,,43,,,,61,49,,17,,38,44,63,12
 U3243,17,45,97,,135,190,522,103,,,,,148,,,,23,35,25,12,81,17,55,54,23,69,89,42,132,31,122,11,50,,71,121,166,,33,21,98,46,67,,,16,,,17,32,318,31,,28,,,384,37,,,,154,,132,,,556,,,,,,17,47,16,183,57,73,818,316,40,206,166,148,139,18,181,52,21,96,24,21,295,34,36,30,51,19,41,24,50,441,35,,50,17,39,454,,85,63,21,117
 U3244,,,,,,,,,,,,,,,,,46,,23,,,12,,,,,,,,,15,8,52,,,,,,,,,,17,,,16,,,,,,,,,,,,,,,,,,,,,,,,,,,49,34,20,18,,,,,65,,52,,,20,,19,,36,56,84,,35,62,,,,,,,,,,,31,,248,,162,76,,
 U3246,,,,,,,,,,,,,,,,,38,,21,18,,54,,,,,,,,,14,7,25,,,,,,,,,,15,,,27,,,,44,,,,,57,,,,,,,,,,,,,,296,,,,71,76,10,37,,64,,,,,29,,,16,,90,16,37,29,,,25,48,,24,11,30,,,,,201,,19,,,,,47,,
 U3283,,86,,64,20,,21,22,113,,,,38,,,,12,79,22,14,33,36,22,52,41,88,75,18,19,14,15,15,83,46,51,70,66,128,54,28,22,18,14,,,12,27,25,29,,73,32,43,13,200,14,120,30,24,59,,19,,102,,,85,,89,186,,,21,41,11,9,17,34,154,19,15,68,162,93,78,14,103,18,63,14,19,54,177,22,19,13,37,27,14,64,66,44,43,,101,20,26,114,48,38,79,174,67
 U3284,,,,,,,,,,,,,,,,,7,,22,19,,,,,,,,,,,,6,20,,,,,,,,,,12,,,16,,,,,,,,,,,,,,,,,,,,,,,,,,,9,12,10,23,,,,,,,24,,,18,,11,,12,,,,21,,,,,,,,,,,,,,,,,,,
 U3319,,,,,,,,,,,,,,,,,10,,11,,,57,,,,,,,,,,16,46,,,,,,,,,,34,,,,,,,,,,,,,,,,,,,,,,,,,,,,,,12,19,,18,,,,,,,35,,,,,14,,19,,75,,,14,,,,,,41,,,,,52,,,,26,36,,
 U3328,,,,,,,,,,,,,,,,,18,,40,,,,,,,,,,,,,12,57,,,,,,,,,,21,,,,,,,,,,,,,,,,,,,,,,,,,,,,,,49,22,9,172,,,,,,,67,,,198,,17,,23,30,,,,,,159,,,,,,,,,78,,,,,,,
 U3331,,68,95,,94,,60,,20,,,,,,,,17,71,39,159,123,32,30,140,25,,21,78,65,31,17,14,37,221,38,22,141,,108,18,36,34,26,,,17,,45,62,,28,53,,51,332,,49,25,,,,187,,97,,,59,,,,,,19,17,16,16,38,79,109,35,224,89,23,,230,22,90,51,34,26,37,46,267,34,36,26,41,27,29,71,81,35,91,,,43,31,308,381,56,43,39,135
 U3337,,,,,,,,,,,,,,,,,11,,30,,,26,,,,,,,,,16,10,87,,,,,,,,,,16,,,,,,,,,,,,,,,,,,,,,,,,,,,,,,13,26,18,12,,,,,,,100,,,17,,18,24,17,39,,,19,,,,1123,,,,,,,,24,,,,,,,
 U3341,,,,,,,,,,,,,,,,,22,44,19,19,,13,,,22,,,,,,15,11,46,,,,,,68,,,29,21,,,81,,,27,,,22,,,,,,,,,,,,,,,,,,,,,39,35,18,68,,27,,,,44,14,,,26,,16,54,17,14,53,,25,19,,16,20,25,,,,,,,31,,,,14,25,17,
 U3353,,,,,,,,,,,,,,,,,24,,111,,,,,,,,,,,,,8,24,,,,,,,,,,31,,,,,,,,,,,,,,,,,,,,,,,,,,,,,,99,48,116,17,,,,,,,46,,,,,20,,30,,,,,,,,,,,,,,,,73,,,,,126,,
 U3355,,,,,,,63,,,,,,,,,,13,71,14,69,,14,,28,32,,57,88,,46,12,7,13,,,,,,22,10,10,125,15,,,12,,,55,,,25,,,,,,49,,,,,,,,,,,,,,,8,50,26,12,,66,,275,21,81,13,,,124,,11,26,20,35,67,,35,48,33,47,28,52,,,85,,,,42,,23,,32,53,219,39
 U3360,69,51,63,,37,,39,,134,,,246,,,,,21,72,23,13,246,16,,188,40,214,114,54,91,174,17,14,104,48,73,25,46,,17,272,36,30,84,199,,116,67,,64,168,47,69,112,154,,78,114,56,170,123,151,79,31,65,176,,144,145,,,,,23,39,27,54,,19,,32,92,113,85,73,144,18,254,26,15,30,,16,34,48,23,16,33,106,89,90,21,21,65,,,53,123,47,124,63,30,104,42
 U3363,,,,,,,25,,,,,,,,,,12,13,28,9,,11,,10,23,,37,27,,13,13,9,44,,,,,,21,16,,10,11,,,8,,,16,,,19,,,,,,24,,,,,,,,,,,,,,,10,12,7,7,,9,,,12,,17,,,10,,17,13,13,36,21,,11,30,,48,10,33,,76,,,,,10,,,,17,36,17,19
 U3367,,,,,49,,,,,,,,,,,,16,28,26,15,,24,,25,45,,47,125,,,20,10,52,,,,116,,39,135,21,19,65,,,20,,,240,,,15,,,,,,33,,,,,,25,,,112,,,,,,13,62,40,29,,53,,,22,100,34,287,,66,203,26,11,15,23,58,,14,18,13,25,38,143,55,85,,17,,73,15,,,,52,14,24,20
 U3371,,,,,,,30,,,,,,,,,,14,56,22,18,,63,,47,23,,44,49,,16,20,14,36,,,,,,23,29,,50,34,,,30,,,27,,,38,,26,,,,24,,,,,,,,,,,,,,,10,40,17,36,,37,,65,77,85,70,,,95,,11,24,20,59,46,,43,37,76,85,29,16,,285,,,,,79,,17,,36,17,35,15
 U3373,135,187,154,,17,96,17,128,,,,,93,,,,13,121,15,22,157,71,224,11,35,25,104,367,401,25,59,9,148,27,313,29,12,,58,35,157,62,17,,,221,22,,92,19,312,30,29,15,,,83,75,,,,36,71,36,,,91,,,,,,48,61,10,139,169,49,174,77,22,58,17,125,15,13,31,16,28,61,34,56,310,44,141,72,68,24,111,116,208,47,317,,115,91,13,28,,13,20,68,13
 U3375,,,,,,,,,,,,,,,,,27,,22,20,,55,,,,,,,,,20,9,,,,,,,,,,13,18,,,19,,,,,,,,,,,,,,,,,,,,,,,,,,,28,,58,23,,,,,,,55,,,73,,25,16,18,35,,,50,32,,,,,,,,,,,67,,,,64,21,,
 U3408,,,,,,,,,,,,,,,,,19,,24,44,,44,,,,,,,,,184,11,98,,,,,,29,,,34,29,,,59,,,,,,,,,,,,,,,,,,,,,,,,,,,69,135,48,54,,,,,,,20,,,,,45,,31,48,32,,28,62,,,39,,,,,,,,31,,75,,112,26,,
 U3424,,,,,,,,,,,,,,,,,15,,55,26,,19,,14,134,,,47,,120,16,9,,,,,,,49,34,,92,24,,,88,,,,,,37,,,,,,25,,,,,,,,,,,,,,,30,22,29,19,112,16,,,17,,84,,,19,,32,705,37,69,54,,22,37,19,20,95,27,,201,,,,,22,,121,,31,53,29,
 U3425,,,,,,,,,,,,,,,,,75,,16,80,,20,,,,,,,,,22,10,,,,,,,86,,,182,90,,,100,,,,,,,,,,,,,,,,,,,,,,,,,,,42,125,80,98,,19,,,,,24,,,230,,75,23,25,50,,,94,,,115,26,48,,,,,,,98,,,,107,61,66,
 U3443,,,,,,,,,,,,,,,,,67,,20,61,,23,,14,13,,,,,154,56,63,,,,,,,43,,,589,21,,,71,,,,,,24,,,,,,41,,,,,,,,,,,,,,,13,118,15,99,253,15,,,172,,189,,,167,,46,16,23,14,16,,73,56,43,35,13,14,,,,,,,104,,,,54,21,52,
 U3445,,,,,,,,,,,,,,,,,22,,29,86,,32,,,,,,69,,,147,24,,,,,,,29,,,107,41,,,176,,,,,,40,,,,,,,,,,,,,,,,,,,,,,,,,,,,,,,,,,,,55,,48,,,,,,,,,,,,,,,,,,,,,,,
 U3450,,,,,,,,,,,,,,,,,24,,,16,,68,,,,,,38,,,12,,139,,,,,,20,,,,,,,,,,,,,29,,,,,,,,,,,,,,,,,,,,,,41,12,,,15,,,,,,,,,,18,,,22,56,,,30,,,44,15,,,,,,,,,,,123,29,,
 U3457,,32,,,17,,19,,,,,,,,,,9,31,12,10,88,9,,44,40,,120,96,,75,23,8,125,,,36,153,,27,29,62,18,16,,,14,,,223,,,26,,28,,,,158,,,,155,,63,,,53,,,,,,,,17,34,,,,,,,23,,,,,,22,,,,,,,,,,59,,,,,,,39,,,,,27,,
 U3487,,,,,,,,,,,,,,,,,16,87,44,22,,15,,,,,,,,,,24,,,,,,,,,,,108,,,,,,,,,29,,,,,,178,,,,,,,,,96,,,,,,,,,,,,,,,,,,,,,22,,,,,,49,130,,29,,,62,,,,,,,,,,,,,
 U3496,,,,,,,,,,,,,,,,,35,,47,23,,16,,,38,,,,,,73,,46,,,,,,28,,,,25,,,,,,,,,26,,,,,,,,,,,,,,,,,,,,,,,,73,,,,,,,44,,,,,,,24,,,,94,,,57,,,,,,,,,,,,,,,,
 U3524,,,,,,,,,,,,,,,,,,,138,26,,53,,,,,,,,,,31,323,,,,,,,,,,82,,,,,,,,,,,,,,,,,,,,,152,,,,,,,,,16,147,,110,,,,,,,,,,80,,57,,142,,60,,,85,,,,,,,,,,,30,,,,129,,,
 U3542,,,,,,,,,,,,,,,,,121,,19,34,,27,,25,14,,,25,,,17,28,,,,,,,,,,100,17,,,15,,,,,,28,,,,,,21,,,,,,,,,,,,,,,18,,31,15,82,18,,,,,19,,,16,,61,16,26,55,103,,57,23,37,34,16,49,,,,,,,14,,11,,,19,19,
 U3594,,,,,,,,,,,,,,,,,10,,32,,,,,,,,,47,,,,8,43,,,,,,,,,,24,,,,,,,,,,,30,,,,,,,,,,,,,,,,,,,129,,106,,,,,,,,,,,,,33,,32,,,,71,,,,,,,,,,,,,,,,,,,
 U3608,,,,,,,,,,,,,,,,,11,,18,32,,12,,56,,,,36,124,93,46,20,,,,,,,,75,,15,17,,,43,,27,,,,15,,,,,,37,,,,,,,,102,,,,,,,11,8,37,21,,,,,56,,16,,,30,,109,28,49,37,15,,30,22,17,14,12,88,,,,,,33,,,45,,24,21,14,138
 U3638,,,,,,,,,,,,,,,,,22,,67,,,,,,,,,,,,,9,32,,,,,,,,,,36,,,,,,,,,,,,,,,,,,,,,,,,,,,,,,35,,126,,,,,,,,74,,,,,21,,23,,,,43,,,,,,,,,,,,,,,,,,,
 U3667,373,22,140,106,28,211,350,28,100,184,142,235,255,97,314,,19,13,18,13,83,24,17,26,34,19,67,23,83,18,23,8,11,18,16,86,42,212,70,70,36,35,17,,104,28,118,,47,37,18,65,34,14,28,24,16,15,180,69,,22,78,28,328,,67,32,246,97,102,1056,18,53,72,52,43,41,140,47,47,88,29,410,66,22,35,12,19,15,60,31,41,27,25,13,50,18,14,218,15,44,115,177,75,23,64,109,53,19,31,11,150
 U3675,,,,,,,,,,,,182,,,,,10,,12,12,,8,,,,,,,,,10,8,19,,,,,,,,,,12,,,,,,,,,,,,,,,,,,,,,,,,,,,,,22,21,,124,15,,,,,,,9,,,67,,94,16,12,23,,,29,19,,42,30,,,,,,,,10,,,,29,,31,
 U3807,,,,,,,,,,,,,,,,,50,,16,18,,12,,45,27,,,52,,11,11,7,13,,,,,,88,19,,101,46,,,39,,,,,,250,,,,,,,,,,,,,,,,,,,,,31,21,8,24,,49,,,34,,11,,,18,,11,132,11,10,30,,23,21,107,33,17,13,,87,,,,,43,,,,34,36,15,
 U3832,,,,,,,,,,,,,,,,,46,,21,,,34,,,,,,,,,,11,50,,,,,,,,,,19,,,,,,,,,,,,,,,,,,,,,,,,,,,,,,15,,160,42,,,,,,,21,,,,,22,,18,,,,,,,,,,,,,,,,,,,,,,,
 U3836,,,,,,,,,,,,,,,,,83,,50,,,,,,,,,,,,,16,62,,,,,,,,,,26,,,,,,,,,,,,,,,57,,,,,,,,,,,,,,,49,,,,,,,,,,,,,,,70,,23,,,,,25,,,,,,,,,,,,,,,,,,
 U3864,,,,,,,,,,,,,,,,,19,,387,60,,19,,14,,,,17,,60,31,9,43,,,,,,37,46,,58,20,,,129,,,,,,21,,,,,,51,,,,,,,,,,,,83,,,,,,,,,,,,,,,,,33,,,,,,,,,,,,,,,,,,44,,,,,,,,
 U3866,,,,,,,,,,,,,,,,,76,,136,35,,282,,,,,,,,,49,22,96,,,,,,138,,,,67,,,48,,,,,,,,,,,,,,,,,,,,,,,,,,,90,,172,76,,,,,,,79,,,42,,75,34,92,,,,210,,,59,,67,,,,,,,58,,,,,,163,
 U3868,,,,,,,,,,,,,,,,,17,,33,,,49,,,,,,,,,95,12,38,,,,,,,,,,22,,,,,,,,,,,,,,,,,,,,,,,,,,,,,,14,21,19,25,,,,,,,15,,,26,,33,,46,,,,,,,,,,,,,,,,,,,,,,,
 U3875,,,,,,,,,,,,,,,,,18,,48,,,31,,,,,,,,,,17,50,,,,,,,,,,24,,,,,,,,,,,,,,,,,,,,,,,,,,,,,,60,,19,149,,,,,,,24,,,,,29,,21,37,,,47,,,,,,,,,,,,,,,,,,,
 U3882,,,,,,,,,,,,,,,,,35,,51,,,57,,,,,,,,,13,12,44,,,,,,,,,,59,,,,,,,,,,,,,,,,,,,,,,,,,,,,,,27,,23,24,,,,,,,22,,,11,,37,,17,,,,,,,,,,,,,,,,,,,,,,,
 U3883,,,,,,,,,,,,,,,,,30,,43,,,,,,,,,,,,,14,15,,,,,,,,,,,,,,,,,,,,,,,,,,,,,,,,,,,,,,,,32,,80,,,,,,,,92,,,182,,39,,51,,,,,,,,,,,,,,,,,,,,,,,
 U3884,,,,,,,,,,,,,,,,,46,,36,,,61,,,,,,,,,,13,42,,,,,,,,,,,,,,,,,,,,,,,,,,,,,,,,,,,,,,,,20,,83,,,,,,,,27,,,,,14,,22,,,,,,,,,,,,,,,,,,,,,,,
 U3890,347,109,21,154,126,416,57,260,249,29,87,923,249,1501,34,134,62,24,25,60,118,23,24,42,36,200,23,24,109,16,96,14,,990,179,165,19,148,22,344,49,61,31,764,245,76,73,394,414,43,128,37,77,102,61,22,66,70,41,186,96,92,312,127,246,698,29,74,88,118,161,587,57,31,91,34,63,40,142,32,91,116,64,84,622,22,144,17,24,48,196,81,50,28,50,21,57,37,115,208,90,270,168,198,162,36,21,47,774,51,98,37,585
 U3961,,,,,,,,,,,,,,,,,42,,22,10,,53,,,,,,,,,37,16,127,,,,,,,,,,18,,,65,,,,,,,,,,,,,,,,,,,,,,,,,,,61,,26,43,,,,,,,22,,,12,,,,22,,,,31,42,,24,,,,,,,,,28,,,,,19,,
 U3964,,118,230,,378,,28,,,,,,106,,,,45,64,33,14,256,24,183,16,149,,59,20,489,142,41,14,144,,,22,96,,384,24,69,34,31,,,47,,,82,,,82,,1570,,,,137,,,,37,,115,,,79,,,,,,11,24,9,25,175,26,,21,79,70,60,,,93,,32,85,80,13,22,,41,144,33,18,241,77,164,61,,,,,117,,105,,241,166,169,
 U4007,,,,,,,90,,,,,,,,,,14,47,17,10,,34,,19,20,,30,69,,26,129,8,38,,,,,,63,18,34,41,57,,,83,,,16,,,84,,,,,,57,,,,,,,,,,,,,,,11,52,10,26,14,73,,35,85,18,14,,,33,,45,20,20,22,14,,13,50,10,15,37,83,,,,,,,18,,62,,33,34,10,13
 U4025,,,,,,,,,,,,,,,,,41,,109,36,,43,,,,,,,,,38,10,,,,,,,,,,170,40,,,,,,,,,,,,,,,,,,,,,,,,,,,,,,30,,117,35,,,,,,,34,,,35,,88,,62,34,,,45,123,,55,,,,,,,,,,,,,,123,,
 U4046,,74,,,14,,19,,,,,,51,,,,35,90,39,18,37,194,22,15,18,25,70,134,49,32,25,9,50,,,33,75,,37,51,24,63,20,,,36,,,28,,,23,36,15,,,,62,,,,32,,47,,,,,,,,,72,25,151,60,47,42,51,18,18,,39,,,21,37,17,39,18,144,33,21,130,21,37,54,18,28,34,21,150,267,,125,45,,,,32,24,17,31
 U4082,,,,,,,,,,,,,,,,,11,,16,13,,33,,,,,,56,,,26,9,52,,,,,,48,,,19,26,,,71,,,,,,19,,,,,,,,,,,,,,,,,,,,,39,39,21,20,,64,,,91,,31,,,58,,19,15,26,31,,,21,52,238,21,31,17,,,,,,,59,,,,86,19,18,
 U4099,202,26,90,438,19,385,16,79,65,,,35,88,,13,60,75,68,21,35,174,12,48,84,11,59,39,24,29,71,12,8,,35,19,32,117,47,22,11,81,132,14,,,48,317,38,17,74,12,11,274,18,52,329,213,85,,,,54,,14,,,27,,98,244,25,67,9,13,28,18,49,16,15,122,123,55,13,10,46,9,71,10,12,13,138,15,29,23,17,9,17,177,53,30,12,38,19,544,277,10,121,148,17,7,31,8,20
 U4129,,,,,,,,,,,,,,,,,14,,21,64,,11,,,,,,,,,12,6,41,,,,,,,,,30,17,,,36,,,,,,,,,,,,,,,,,,,,,,,,,,,13,,21,24,,,,,,,54,,,29,,20,37,16,49,,,17,31,,13,36,66,,,,,,,29,,,,,,,
 U4133,,,,,,,,,,,,,,,,,12,,36,,,,,,,,,,,,,20,45,,,,,,,,,,18,,,,,,,,,,,,,,,,,,,,,,,,,,,,,,54,,22,,,,,,,,14,,,136,,20,,19,,,,,,,,,,,,,,,,,,,,,,,
 U4144,,,,,36,,107,,,,,,,,,,13,42,19,,,16,,,40,,,60,,98,23,10,58,,,,,,88,76,,,18,,,62,,,,,,54,,,,,,,,,,,,,,,,,,,,,76,,,,,,,,24,43,19,,,78,,14,,63,,31,,51,55,,22,,,41,,,,,,24,,,,,25,,52
 U4164,,,,,,,,,,,,,,,,,33,,156,17,,14,,,,,,,,85,,29,189,,,,,,,,,,,,,37,,,,,,26,,,,,,,,,,,,,,,,,,,,,72,45,39,,,21,,,,,,,,,,,,40,33,,,,,,,,53,,,,,,,,,,,124,,,
 U4176,,,,,,,,,,,,,,,,,17,,28,,,14,,,,,,,,,,20,51,,,,,,,,,,16,,,,,,,,,,,,,,,,,,,,,,,,,,,,,,105,,26,,,,,,,,,,,,,19,,21,,,,,,,,,,,,,,,,,,,,,,,
 U4200,,36,,,47,,140,,,,,,71,,,,43,60,43,19,294,30,343,31,26,,114,144,413,88,30,52,203,,,98,868,,58,180,38,36,79,,,60,,,68,,,76,,145,,,,50,,,,77,,499,,,235,,,,,,22,86,24,75,100,31,32,111,282,62,25,139,286,27,96,38,25,76,101,32,1027,50,55,125,25,62,27,40,32,64,252,,,25,369,219,,115,77,148,294
 U4278,,,,,,,,,,,,,,,,,50,,22,29,,38,,,,,,,,,21,12,14,,,,,,,,,43,30,,,30,,,,,,,,,,,,,,,,,,,,,,,,,,,,,,,,,,,,,,,,,,31,,,,,,,,,,,,,,,,,,,,,,,,,
 U4280,,147,17,102,102,14,369,,105,,404,171,138,132,17,,50,49,44,13,58,58,87,63,70,65,54,46,124,157,28,330,,111,49,79,160,169,37,341,33,20,54,,,48,133,45,132,139,17,28,74,18,190,13,29,30,151,72,209,91,167,107,134,,20,76,117,188,33,137,11,242,12,27,34,14,250,24,15,23,63,61,194,24,326,33,15,16,283,56,71,14,24,20,49,18,92,100,17,69,75,227,79,43,35,48,13,48,59,16,16
 U4283,,,,,,,,,,,,,,,,,27,,20,18,,13,,,,,,,,,48,10,76,,,,,,28,,,71,23,,,55,,,,,,,,,,,,,,,,,,,,,,,,,,,13,42,16,62,,18,,,,,17,,,13,,41,50,28,38,,,31,17,,23,34,74,,,,,,,30,,,,27,17,14,
 U4291,,,,,,,,,,,,,,,,,30,,26,51,,61,,,,,,,,,206,34,,,,,,,38,,,18,32,,,140,,,,,,,,,,,,,,,,,,,,,,,,,,,60,21,38,96,,17,,,,,76,,,27,,38,30,23,20,,,36,25,,34,222,223,,,,,,,23,,,,74,18,18,
 U4292,,,,,97,,,,,,,,,,,,78,80,14,15,,56,,25,36,,44,20,,,78,13,13,,,,121,,44,,52,58,31,,,21,,,,,,21,,26,,,,60,,,,,,,,,,,,,,,33,58,18,63,,19,,57,22,44,24,,,116,,18,21,28,14,27,,22,24,40,20,97,20,,62,,,,,64,,17,,66,15,59,24
 U4293,,,,,,,,,,,,,,,,,19,53,21,30,,45,,,,,,,,,,17,23,,,,,,,,,,28,,,,,,,,,,79,,,,,,,,,,,,,,73,,,,,,57,,84,,,,,,,,69,,,,,21,,28,,,,50,,,113,,,,,,,,,,,,,49,,,
 U4295,,,,,,,,,,,,,,,,,21,,24,25,,31,,,,,,,,,28,28,34,,,,,,,,,,26,,,67,,,,,,,,,,,,,,,,,,,,,,,,,,,57,19,19,30,,,,,,,30,,,20,,53,232,62,235,,,24,,,81,53,106,,,,,,,421,,,,,,,
 U4301,,,,,,,,,,,,,,,,,32,,17,19,,28,,,34,,,125,,14,109,9,16,,,,,,,29,,93,24,,,18,,,,,,35,,,,,,,,,,,,,,,,,,,,,10,29,22,310,,21,,,35,,15,,,121,,54,41,43,39,43,,69,243,,57,16,85,,,,,,,42,,21,,,,16,
 U4302,,,,,39,,14,,,,,,,,,,10,72,37,9,,16,,34,12,,63,18,,50,14,9,10,,,,,,15,8,42,,17,,,187,,,23,,,21,,71,,,,78,,,,15,,208,,,,,,,,,29,158,13,42,,163,,42,41,,21,,,40,40,22,12,23,22,15,15,18,64,21,14,68,,72,79,265,,,,31,,,,85,39,53,145
 U4306,,18,,,,,23,,,,,,,,,,41,,32,20,,57,,,23,,,58,,47,34,19,39,,,,,,64,,,284,66,,,171,,,72,,,55,,,,,,47,,,,110,,,,,,,,,,,139,40,35,39,,30,,,,,99,,,32,,55,20,33,28,25,,63,41,,40,20,52,,35,,,,,731,,,,,30,34,
 U4321,,172,,,45,,45,,,,,,143,,,,25,82,57,21,32,13,,44,28,,81,105,207,19,21,11,27,75,,305,168,,79,109,29,108,26,,,57,,,50,,,22,,17,,,,122,,,,21,,296,,,63,,,,,,106,108,18,21,101,114,,253,67,95,115,51,486,33,122,48,18,27,69,66,768,35,48,32,35,32,31,78,14,67,,,,46,,17,,19,14,170,74
 U4325,,21,,,49,,17,,,,,,52,,,,18,19,26,14,,16,,18,41,48,16,39,,14,14,12,55,,,27,25,,17,37,31,54,15,,,37,,,67,,,30,65,,,,30,49,,,,,,23,,,80,,,,,,14,,13,27,,,,,,12,17,,30,51,44,43,16,14,13,,,29,52,,28,,15,,,,20,,42,31,,,,28,,30,31
 U4326,,,,,,,,,,,,,,,,,37,,30,25,,18,,,,,,,,,23,15,87,,,,,,,,,18,22,,,39,,,,,,,,,,,,,,,,,,,,,,,,,,,,,98,30,,,,,,,21,,,,,53,,31,25,,,32,,,36,82,41,,,,,,,21,,,,,,,
 U4337,,,,,,,,,,,,,,,,,29,,16,30,,11,,,,,,,,,12,11,,,,,,,,,,,15,,,12,,,,,,,,,,,,,,,,,,,,,,,,,,,,,,,,,,,,,,,,,,,15,19,,,,36,,,15,,,,,,,,,,,,,,14,13,
 U4340,,,,,,,,,,,,,,,,,,38,,,,,,,,,,,,,,16,180,,,,,,,,,,,,,,,,,,,,31,,,,,,,,,,,,,,184,,,,,1378,,,,,,,,,,,,,,,,68,,,,,520,71,90,,,,,,,,,,,,,21,,183,,,
 U4347,,,,,,,,,,,,,,,,,13,,31,,,87,,,,,,,,,,5,,,,,,,,,,,24,,,,,,,,,,,,,,,,,,,,,,,,,,,,,,35,,23,,,,,,,,13,,,,,22,,16,,,,37,23,,199,,,,,,,,,,,,,,,,
 U4354,,166,214,,137,,19,,,,,,111,,,,21,50,64,19,,16,120,422,36,,141,156,18,12,21,13,24,,76,63,202,,205,46,94,69,29,,,24,,,45,,,105,,17,,,96,23,,,,267,,51,,,55,,,,,,123,144,166,90,539,269,44,61,119,49,52,68,,23,54,25,16,35,172,20,82,18,16,44,23,34,16,92,41,,,,94,70,,866,,18,62,78,810
 U4355,,,,,,,,,,,,,,,,,,,,,,,,,,,,,,,,8,34,,,,,84,,,,,,,,,,,,,,,,,,,,142,,,,,303,,,,121,122,,,,42,,,,,,,,,,,,,,,,35,,,,,,56,,,,,,267,,,,,111,,,,,,,,
 U4356,,,,,,,,,,,,,,,,,22,141,34,,,,,,,,,,,,,10,59,,,,,,,,,,,,,,,,,,,,,,,,,,,,,,,,,,,,,,,,37,,23,,,,,,,,35,,,,,29,,88,,,,29,,,,,,,,,,,,,,,,70,,,
 U4368,55,151,664,137,65,170,17,16,105,265,87,225,31,,72,,8,41,10,33,81,22,177,25,77,128,14,16,97,25,43,7,21,86,8,115,46,105,13,25,119,15,11,,,12,137,141,106,177,460,68,17,44,273,1116,260,47,59,68,298,117,37,19,123,366,31,367,80,794,50,43,21,14,20,10,28,46,67,94,44,19,208,23,42,10,49,11,160,10,41,17,77,41,17,25,49,212,40,69,64,21,26,118,52,19,28,23,143,17,38,13,18
 U4388,,,,,42,,,,,,,,,,,,54,85,375,22,,23,,111,118,,35,475,,1024,32,58,31,,,,,,78,479,392,108,188,,,144,,,,,,38,,,,,,,,,,,,,,,,,,,,,88,952,102,792,381,988,,,108,88,38,,,62,,114,491,54,34,158,,174,45,52,71,72,29,,36,,,,,172,,461,,45,204,732,
 U4396,,,,,,,,,,,,,,,,,15,,20,,,21,,,,,,,,,,12,,,,,,,,,,,,,,,,,,,,,,,,,,,,,,,,,,,,,,,,,35,,,,,,,,,,,,,,,,,67,,,,31,,,13,,,,,,,,,16,,,,,46,,
 U4398,,,,,,,,,,,,,,,,,46,42,59,69,,20,,,,,,,,,39,31,86,,,,,,,,66,194,137,,,67,,,,,,,,,,,,,,,,,,,,,,,,,,,84,,,40,,,,,,,41,,,57,,95,,44,262,,,42,18,,22,,,,,,,,,26,,,,35,133,,
 U4413,,,,,44,,19,,,,,,,,,,15,54,14,33,,10,,84,38,,82,50,,14,12,9,43,,,,,,82,9,,,,,,41,,,1133,,,26,,,,,,24,,,,,,53,,,,,,,,,33,19,13,45,,16,,24,,,24,,,15,,19,14,34,11,35,,31,44,49,43,16,18,73,13,,,,,16,,37,,35,46,19,30
 U4435,,,,,,,,,,,,,,,,,74,,28,47,,13,,,,,,,,,34,44,,,,,,,,,,,17,,,,,,,,,,,,,,,,,,,,,,,,,,,,,,93,,79,36,,,,,,,21,,,54,,48,30,20,87,,,53,,,31,,,,,,,,,,,,,,,49,
 U4459,13,75,18,,100,103,178,29,,,,,87,,,,13,23,24,31,47,11,130,148,31,15,16,115,60,17,47,9,33,67,,,175,42,38,12,27,15,54,,,29,,,252,,,27,,35,,,31,34,,,,96,,,,,185,,,,,,11,43,45,28,115,71,15,92,16,83,14,47,45,21,79,27,34,14,14,34,21,41,20,41,28,31,13,45,18,66,74,,78,13,21,86,46,29,72,92,120
 U4491,,,,,,,,,,,,,,,,,13,,16,24,,22,,,,,,,,,62,10,47,,,,,,36,,,29,16,,,22,,,,,,,,,,,,,,,,,,,,,,,,,,,54,85,73,15,,,,,,,36,,,37,,47,81,22,30,50,,16,25,,21,,,,,,,,,31,,,,23,64,,
 U4529,,,,,59,,21,,,,,,,,,,19,60,23,14,,22,,28,21,,28,47,,,17,13,35,,,,,,31,13,27,37,16,,,54,,,64,,,30,,9,,,,14,,,,,,,,,,,,,,,15,7,17,35,34,16,,29,131,92,21,,,13,,21,14,19,14,23,,58,18,66,26,28,18,,11,,,,,63,,25,,9,20,92,50
 U4553,,,,,,,,,,,,,,,,,37,,101,25,,57,,,,,,,,,113,29,45,,,,,,68,,,102,18,,,80,,,,,,,,,,,,,,,,,,,,,,,,,,,40,51,20,34,,99,,,,,15,,,16,,18,34,22,97,,,34,91,,23,285,107,,,,,,,116,,,,144,30,18,
 U4566,,,,,,,,,,,,,,,,,101,,115,15,,27,,,,,,,,,28,18,,,,,,,,,,,20,,,,,,,,,,,,,,,,,,,,,,,,,,,,,,131,,72,,,,,,,,27,,,75,,48,,17,,,,,,,,,,,,,,,,,,,,,,,
 U4616,,,,,48,,29,,,,,,,,,,23,51,29,12,,34,,54,22,,17,21,,13,78,70,,,,,137,,74,38,34,146,24,,,289,,,19,,,65,,,,,,,,,,20,,,,,81,,,,,,16,177,76,13,32,94,,40,64,85,46,,,14,,103,19,67,74,54,,47,33,59,16,130,25,81,19,,,,,18,141,61,,18,93,35,96
 U4622,,,,,,,,,,,,,,,,,18,,11,37,,17,,,,,,,,,133,9,,,,,,,,,,,14,,,,,,,,,,,,,,,,,,,,,,,,,,,,,,11,,19,,,,,,,,18,,,,,27,,14,,,,94,,,28,,,,,,,,,,,,,,,,
 U4694,,,,,28,,,,,,,,,,,,20,27,19,32,,16,,34,,,76,49,,,37,6,19,,,,28,,22,33,20,18,13,,,,,,,,,,,16,,,,18,,,,26,,25,,,,,,,,,17,16,9,27,16,15,,,13,43,14,,,43,,12,17,12,12,37,,55,20,70,21,,12,,62,,,,,,,16,,19,27,16,
 U4705,,,,,,,30,,,,,,,,,,14,,14,8,,10,,15,36,,53,23,,12,9,14,,,,,,,15,33,,60,15,,,22,,,,,,17,,,,,,15,,,,,,,,,,,,,,,15,73,17,136,,32,,12,24,,12,,,106,,13,19,38,14,43,,23,26,436,32,66,37,,13,,,,,28,,14,,31,39,12,
 U4761,,,,,,,,,,,,,,,,,12,,69,57,,61,,,,,,,,,21,19,,,,,,,,,,,20,,,,,,,,,,,,,,,,,,,,,,,,,,,,,,37,,62,,,,,,,,64,,,57,,81,,29,,,,,,,25,,,,,,,,,,,,,,,,
 U4763,,,,,,,,,,,,,,,,,13,,17,40,,49,,,,,,,,21,26,8,,,,,,,234,,,105,31,,,10,,,,,,46,,,,,,,,,,,,,,,,,,,,,31,,11,27,,,,,,,46,,,51,,53,11,13,56,,,,22,,19,,,,,,,,,31,,,,,16,,
 U4768,,,,,123,,142,,,,,,,,,,34,110,17,30,,87,,133,35,,105,138,,1071,54,22,,,,,68,,62,25,11,38,23,,,35,,,133,,,33,,794,,,,579,,,,,,,,,,,,,,,28,,187,,,,,,,,20,,,,,55,,,,,,24,147,,63,,,,,,,,,,,,,,,,
 U4769,,34,,,,,,,,,,,,,,,19,,19,19,,17,,,,,,,,,48,14,,,,,,,,,,,39,,,29,,,,,,,,,,,,,,,,,,,,,,,,,,,24,,55,,,,,,,,20,,,45,,23,,24,18,,,21,74,,22,,32,,,,,,,25,,,,,,30,
 U4773,,,,,,,,,,,,,,,,,70,118,22,39,,26,,80,24,,40,,,,13,74,,,,,,,144,,33,321,36,,,132,,,,,,160,,,,,,113,,,,,,,,,,,,,,,121,37,43,95,,168,,33,36,62,18,,,390,,73,75,18,71,14,,157,391,144,53,43,18,,19,,,,,270,,18,,84,27,12,
 U4779,,,,,,,,,,,,,,,,,30,,19,57,,81,,62,72,,,131,,174,73,24,,,,,,,311,,60,456,27,,,31,,,,,,40,,,,,,454,,,,,,,,,,,,,,,48,36,177,212,,91,,,75,,153,,,38,,26,81,117,39,110,,162,86,43,34,42,64,,32,,,,,192,,51,,89,62,42,
 U4791,,,,,,,,,,,,,,,,,19,,21,18,,47,,,,,,,,,31,11,34,,,,,,,,,,22,,,,,,,,,,,,,,,,,,,,,,,,,,,,,,61,,42,44,,,,,,,113,,,19,,15,33,42,,,,,,,38,,,,,,,,,,,,,,,,
 U4795,,,,,,,,,,,,,,,,,46,136,,,,,,,,,,,,,,15,34,,,,,,,,,,54,,,,,,,,,,,,,,,157,,,,,,,,,124,,,,,,,,,,,,,,,,,,,,,22,,77,75,,,,,,,,,,,,,,,,,,,,,,
 U4852,,,,,,,,,,,,,,,,,44,,32,16,,15,,,36,,,94,,19,29,9,,,,,,,47,64,,14,19,,,44,,,,,,26,,,,,,86,,,,,,,,,,,,,,,17,29,36,67,,33,,,,,19,,,13,,23,81,45,170,90,,16,34,37,16,41,18,,30,,,,,24,,42,,43,21,18,
 U5024,,,,,,,,,,,,,,,,,,,,,,,,,,,,,,,,,79,,,,,,43,,,36,21,,,,,,,,,,,,,,,,,,,,,,,,,,,,,,11,326,,,,22,,,,,,,,,,40,160,,,,,,34,,,,,,,,,,,,,,,,,134,
 U5062,,,,,,,,,,,,,,,,,64,,36,,,24,,,,,,,,,,10,,,,,,,,,,,23,,,,,,,,,,,,,,,,,,,,,,,,,,,,,,75,,12,,,,,,,,30,,,,,62,,41,,,,,,,,,,,,,,,,,,,,,,,
 U5118,,,,,,,,,,,,,,,,,12,,23,,,19,,,,,,,,,,8,,,,,,,,,,,16,,,,,,,,,,,,,,,,,,,,,,,,,,,,,,29,,,,,,,,,,30,,,,,12,,14,,,,17,,,17,,,,,,,,,,,,,,,,
 U5123,,,,,27,,,,,,,,,,,,12,37,12,,,12,,,,,,34,,,,9,,,,,,,13,,,95,49,,,,,,,,,25,,,,,,25,,,,,,,,,,,,,,,17,,,,,,,,,,115,,,,,19,,36,,,,25,54,,59,,,,,,,,,,,,,33,65,,
 U5135,,,,,,,,,,,,,,,,,75,,37,34,,18,,,,,,,,,15,44,,,,,,,277,,,34,77,,,90,,,,,,106,,,,,,,,,,,,,,,,,,,,,20,51,23,19,,26,,,,,65,,,255,,25,16,87,153,93,,43,30,26,25,59,27,,18,,,,,120,,,,68,20,24,
 U5136,,,,,,,,,,,,,,,,,41,,31,50,,39,,,,,,,,,15,11,,,,,,,,,,21,13,,,11,,,,,,,,,,,,,,,,,,,,,,,,,,,10,50,35,31,,,,,,,9,,,12,,18,16,16,16,,,42,15,,46,70,33,,,,,,,39,,,,24,14,21,
 U5138,402,637,139,,264,513,362,,,,,,159,,,,171,91,35,60,102,127,197,48,19,265,99,289,187,21,25,142,,42,910,44,69,373,35,524,238,98,105,,,87,215,245,94,129,703,84,316,211,,256,183,98,,,,234,,578,,,100,,,,,,31,118,37,58,42,51,133,45,103,77,72,207,522,28,75,39,29,49,203,24,199,49,82,638,28,456,123,115,68,58,55,,415,61,386,269,174,55,175,122,479
 U5194,,,,,,,,,,,,,,,,,126,,26,15,,19,,,,,,,,,,12,,,,,,,,,,,22,,,,,,,,,,,,,,,,,,,,,,,,,,,,,,111,,141,,,,,,,,21,,,144,,115,,22,,,,,,,,,,,,,,,,,,,,,,,
 U5246,,,,,,,,,,,,,,,,,30,,,52,,22,,,,,,,,,26,,,,,,,,,,,,,,,,,,,,,,,,,,,,,,,,,,,,,,,,,,68,,94,99,,,,,,,20,,,21,,21,,27,,,,90,69,,106,,,,,,,,,,,,,,,,
 U5250,,,,,,,,,,,,,,,,,10,44,25,,,10,,,,,,60,,15,14,7,,,,,,,66,,,45,12,,,,,,,,,40,,,,,,95,,,,,,,,,,,,,,,,,10,,,,,,,,,,,,,14,21,90,92,,,16,45,,29,,,,,,,,,,,47,,,,,
 U5300,,,,,,,,,,,,,,,,,13,16,11,,,75,,,,,,25,,,,19,,,,,,,,,,,13,,,,,,,,,,,,,,,,,,,,,,,,,,,,,,11,,,,,,,,,35,13,,,,,41,,15,,,,23,17,,36,,,,,,,,208,,,,,,,,
 U5307,,45,207,,38,,58,,,,,,250,,,,25,33,32,17,83,33,491,26,43,,38,133,78,175,22,21,,,152,36,371,155,32,40,124,165,87,,,101,,,66,,,86,243,23,,,242,77,,,,116,,53,,,66,,,,,,19,19,37,31,36,31,299,61,20,119,36,716,47,204,52,37,149,69,48,109,30,37,47,123,114,28,33,133,95,667,54,,181,23,51,32,,38,35,21,66
 U5308,,57,,,,,15,,,,,,,,,,18,41,14,47,,19,,97,14,,52,33,,12,42,10,,,,,65,,19,9,88,37,13,,,27,,,39,,,21,,,,,,45,,,,,,,,,,,,,,,67,33,12,81,15,142,,95,127,33,11,,,25,,21,168,22,129,79,,38,25,46,16,32,21,,28,62,,,,18,,83,,34,91,30,35
 U5322,,,,,,,,,,,,,,,,,28,,16,25,,23,,,36,,,21,,,77,10,,,,,,,53,,,28,22,,,36,,,,,,,,,,,,22,,,,,,,,,,,,,,,37,37,67,17,,23,,,,,62,,,30,,27,25,31,130,,,47,22,,22,35,17,,,,,,,27,,,,44,26,12,
 U5404,,,,,,,,,,,,,,,,,33,,15,31,,13,,,,,,,,,35,11,,,,,,,,,,,45,,,,,,,,,,,,,,,,,,,,,,,,,,,,,,27,,11,29,,,,,,,14,,,16,,,11,15,,,,,,,12,,,,,,,,,,,,,,,,
 U5410,28,153,32,,34,118,39,261,87,,,101,94,,,,19,15,20,57,125,17,147,29,37,12,22,27,41,11,87,13,77,,38,148,451,141,169,27,43,12,13,,,22,,,31,168,200,38,131,14,304,55,116,47,,,,40,,157,,,45,,107,,52,27,10,42,16,92,41,33,31,148,123,42,72,89,54,15,27,18,12,24,13,46,43,51,15,22,16,61,15,50,41,42,117,64,169,39,45,16,,34,41,52,20
 U5426,225,105,269,565,60,97,21,71,170,1623,453,164,16,99,71,35,14,34,37,56,77,16,25,83,120,177,32,33,85,120,26,25,,130,58,31,70,126,69,11,61,32,74,166,,14,195,38,31,13,97,60,130,11,43,12,253,39,174,75,29,120,277,23,63,1192,59,474,128,497,345,24,55,24,66,206,124,32,78,41,47,175,53,90,15,98,85,12,144,18,36,43,14,45,74,188,45,73,126,83,182,26,609,46,32,98,9,40,93,30,26,27,15
 U5494,,,,,,,,,,,,,,,,,12,,36,43,,42,,,,,,,,,27,10,,,,,,,,,,,46,,,,,,,,,,,,,,,,,,,,,,,,,,,,,,24,,18,30,,,,,,,17,,,18,,20,20,16,,,,23,115,,49,,,,,,,,,,,,,,72,,
 U5499,,,,,,,,,,,,,,,,,100,,27,30,,38,,,,,,,,,22,14,,,,,,,,,,,48,,,88,,,,,,,,,,,,,,,,,,,,,,,,,,,30,,22,100,,,,,,,28,,,16,,44,54,28,,,,49,,,17,,,,,,,,,,,,,,,,
 U5524,,,,,,,,,,,,,,,,,15,,15,53,,16,,,,,,,,,14,9,,,,,,,,,,,37,,,,,,,,,,,,,,,,,,,,,,,,,,,,,,80,,31,101,,,,,,,102,,,64,,22,20,30,69,,,61,,,68,,,,,,,,,,,,,,,22,
 U5597,,,,,,,,,,,,,,,,,13,,32,56,,41,,,,,,,,,20,15,,,,,,,,,,,63,,,,,,,,,,,,,,,,,,,,,,,,,,,,,,55,,33,17,,,,,,,44,,,20,,10,29,25,,,,,,,62,,,,,,,,,,,,,,,,
 U5630,,,,,,,,,,,,,,,,,31,,41,21,,24,,,,,,,,,20,11,,,,,,,,,,,70,,,,,,,,,,,,,,,,,,,,,,,,,,,,,,23,,19,,,,,,,,92,,,25,,30,,35,,,,,,,103,,,,,,,,,,,,,,,,
 U5642,,,,,,,,,,,,,,,,,62,,12,34,,17,,,,,,,,,26,22,,,,,,,68,,,57,20,,,243,,,,,,,,,,,,,,,,,,,,,,,,,,,18,175,78,144,,37,,,,,23,,,19,,29,75,25,15,,,166,104,,143,15,280,,,,,,,58,,,,517,20,80,
 U5654,,,,,,,,,,,,,,,,,18,,17,23,,15,,,,,,,,,14,8,,,,,,,,,,,37,,,15,,,,,,,,,,,,,,,,,,,,,,,,,,,17,,39,37,,,,,,,13,,,16,,13,,17,,,,35,21,,23,,,,,,,,,49,,,,,40,,
 U5723,381,18,16,150,20,52,108,552,186,192,184,,56,,,,47,33,19,17,48,10,46,38,26,55,41,27,30,22,83,7,,102,18,86,22,46,76,14,140,18,17,,,28,31,45,46,39,134,40,218,43,325,108,29,23,144,308,71,47,188,56,118,,43,268,53,81,166,,36,31,26,14,81,32,58,68,41,48,21,27,134,14,102,12,21,18,23,56,26,31,33,49,62,30,12,64,55,24,72,92,85,57,16,50,421,22,32,111,61
 U5725,,,,,,,,,,,,,,,,,20,,37,,,21,,,,,,,,,,15,,,,,,,,,,,23,,,,,,,,,,,,,,,,,,,,,,,,,,,,,,38,,,,,,,,,,124,,,,,60,,30,,,,115,,,,,,,,,,,,,,,,,,,
 U5735,,,,,,,,,,,,,,,,,14,,21,15,,17,,,,,,,,,65,15,,,,,,,,,,,29,,,103,,,,,,,,,,,,,,,,,,,,,,,,,,,28,,14,38,,,,,,,103,,,59,,32,,24,,,,19,18,,20,,,,,,,,,,,,,,,,
 U5737,,29,163,,20,319,28,133,,,,,103,,,,27,40,33,20,49,23,54,99,31,54,21,57,36,16,14,11,,140,56,74,40,34,24,40,12,38,21,,,29,,,175,84,147,32,142,215,19,16,,26,,,,,,52,,,122,,,,,,42,99,41,14,29,18,39,40,32,26,16,21,17,11,78,20,74,19,16,35,97,31,17,19,30,28,72,69,93,126,86,85,22,17,13,16,31,18,43,21,16
 U5770,,,,,,,,,,,,,,,,,21,,37,,,11,,,,,,,,,229,8,,,,,,,,,,,19,,,,,,,,,,,,,,,,,,,,,,,,,,,,,,98,,,,,,,,,,23,,,,,147,,20,,,,58,,,20,,,,,,,,,,,,,,,,
 U5774,,,,,,,,,,,,,,,,,49,,22,,,,,,,,,,,,,56,,,,,,,,,,,,,,,,,,,,,,,,,,125,,,,,,,,,,,,,,,,,,,,,,,,,,,,,,71,,64,,,,79,66,,31,,,85,,,,,,,,,,,,,
 U5775,,,,,,,,,,,,,,,,,54,,17,14,,21,,,,,,,,,37,20,,,,,,,,,,,49,,,,,,,,,,,,,,,,,,,,,,,,,,,,,,39,,34,,,,,,,,24,,,236,,27,,22,,,,17,,,102,,,,,,,,,,,,,,,,
 U5853,,,,,,,,,,,,,,,,,14,,10,45,,22,,,,,,,,,19,8,,,,,,,,,,,15,,,43,,,,,,,,,,,,,,,,,,,,,,,,,,,20,,18,25,,,,,,,54,,,46,,13,,68,,,,39,42,,17,,,,,,,,,,,,,,11,,
 U5896,,,,,,,,,,,,,,,,,106,,,,,28,,,,,,,,,,27,,,,,,58,,,,,,,,70,,,,,,,,,,,,71,,442,,,,,,,,,,,,,27,,39,67,,,,,,,,,,147,,27,,112,,,,50,,,59,,,31,,,,,200,,,,,50,31,,
 U5945,,,,,,,,,,,,,,,,,18,,15,41,,54,,,,,,,,,32,11,,,,,,,,,,,18,,,,,,,,,,,,,,,,,,,,,,,,,,,,,,141,,126,32,,,,,,,21,,,17,,16,,19,,,,41,46,,21,,,,,,,,,,,,,,,,
 U5951,,,,,,,,,,,,,,,,,46,,23,219,,45,,,,,,,,,24,28,,,,,,,,,,,70,,,,,,,,,,,,,,,,,,,,,,,,,,,,,,20,,39,,,,,,,,95,,,27,,26,,31,,,,51,,,30,,,,,,,,,,,,,,,,
 U6013,,,,,,,,,,,,,,,,,15,,15,12,,12,,,,,,,,,13,7,,,,,,,33,43,,18,18,,,,,,,,,35,,,,,,,,,,,,,,,,,,,,,8,34,38,28,,43,,,,70,94,,,18,,13,14,16,14,36,,50,43,,22,,71,,,,,,,91,,,,,26,13,
 U6054,,,,,,,,,,,,,,,,,23,,33,43,,155,,,,,,,,,139,17,,,,,,,,,,,28,,,,,,,,,,,,,,,,,,,,,,,,,,,,,,49,,22,,,,,,,,42,,,,,105,,34,,,,108,40,,81,,,,,,,,,,,,,,,,
 U6061,,334,,,35,,30,,,,,,,,,,17,,33,10,146,13,,32,60,,12,15,25,16,25,38,,,,135,26,,21,68,67,326,24,,,129,,,55,,,33,,54,,,,13,,,,39,,116,,,22,,,,,,51,29,7,26,,14,,17,32,28,153,90,,128,40,31,98,52,54,23,,67,85,68,19,26,28,39,,,,,76,52,,51,,33,18,17,10
 U6065,,,,,,,,,,,,,,,,,13,,,,,,,,,,,,,,30,,86,,,,,,,,,,,,,,,,,,,,,,,,,,,,,,,,,,,,,,,,26,,102,99,,,,,,,,,,,,14,,,33,,,30,,,,,,,,,,,,,,,,,,82,
 U6214,,328,,,64,,130,,,,,,238,,,,192,243,114,17,,17,,89,648,,343,36,,83,20,28,,,,62,114,,743,20,350,54,95,,,193,,,164,,,68,,79,,,,227,,,,40,,223,,,98,,,,,,23,60,351,76,84,60,140,241,106,72,21,51,195,20,139,24,57,25,133,26,340,53,24,51,38,77,61,,21,,,,,347,243,212,,81,32,94,160
 U6237,,,,,,,,,,,,,,,,,11,73,27,29,,18,,45,18,,145,36,,,12,10,,,,,,,13,,,9,13,,,15,,,,,,19,,,,,,28,,,,,,,,,,,,,,,12,44,59,40,190,12,,58,30,,9,,,20,,15,19,14,13,91,,28,31,,27,32,14,,26,,,,,27,,,,54,40,69,
 U6259,17,430,115,709,50,53,26,309,319,14,234,178,327,10210,129,4387,16,32,21,24,96,11,750,13,26,335,38,98,109,345,12,10,42,381,35,131,86,104,25,138,133,111,23,51,1107,27,157,420,109,140,309,30,473,19,160,611,174,450,833,470,109,257,431,69,44,729,150,207,255,62,20,2024,40,51,10,22,38,30,392,277,46,42,44,69,28,30,136,40,34,22,67,56,102,26,22,137,19,19,19,55,27,68,239,66,72,15,415,157,319,202,117,45,24
 U6260,233,189,393,158,34,30,26,65,108,,,,57,,,,16,30,29,36,110,13,29,36,18,244,28,52,34,71,19,8,35,32,106,88,127,109,66,22,61,106,25,,,56,35,121,52,189,112,112,273,272,64,,185,50,,,47,237,,102,,,33,,203,41,,54,23,57,36,16,60,49,32,65,90,134,83,102,52,26,175,14,82,21,14,75,100,30,90,57,34,26,67,33,105,186,41,,24,17,74,282,64,38,82,33,29
 U6268,,,,,,,,,,,,,,,,,138,,23,83,,28,,,98,,,37,,24,102,10,,,,,,,65,43,,136,31,,,56,,,,,,86,,,,,,,,,,,,,,,,,,,,,22,21,18,28,,105,,,,,16,,,31,,59,114,29,496,136,,40,188,63,24,99,222,,212,,,,,60,,326,,64,82,21,
 U6353,,,,,,,,,,,,,,,,,,,,,,,,,,,,,,,,,62,,,,,,,,,,,,,13,,,,,,22,,,,,,,,,,,,,,,,,,,,,23,,,50,,,,,,,,,,,,,87,,,29,,,,,51,,,,,,,,,19,,,,33,59,32,
 U6450,,,,,,,16,,,,,,,,,,10,58,16,28,,21,,10,34,,75,38,,23,33,11,,,,,,,81,53,64,62,22,,,47,,,,,,26,,,,,,34,,,,,,,,,,,,,,,30,20,39,54,67,25,,,110,,11,,,18,,43,18,20,18,51,,21,19,43,35,38,12,,12,,,,,24,,9,,27,62,13,17
 U6527,,119,,,143,,238,,,,,,,,,,20,34,30,27,,18,77,110,34,,124,48,,23,92,9,,,,42,91,,42,19,54,199,21,,,32,,,43,,,21,,190,,,,96,,,,26,,76,,,42,,,,,,207,35,14,40,36,211,,252,89,104,85,89,33,29,,20,50,37,59,50,89,19,26,71,22,47,26,56,19,219,,,,173,63,160,,42,25,26,49
 U6532,,,,,,,,,,,,,,,,,20,,20,,,45,,,,,,,,,,19,,,,,,,,,,,29,,,,,,,,,,,,,,,,,,,,,,,,,,,,,,21,,,,,,,,,,56,,,,,22,,19,,,,25,,,,,,,,,,,,,,,,,,,
 U6753,,,,,,,,,,,,,,,,,29,,16,,,28,,,,,,,,,38,16,37,,,,,,,,,,22,,,,,,,,,,,,,,,,,,,,,,,,,,,,,,43,,,,,,,,,,27,,,,,20,,22,,,,50,,,41,,,,,,,,,,,,,,,,
 U6777,,,,,,,,,,,,,,,,,70,,30,112,,12,,,,,,,,,13,13,63,,,,,,,,,,25,,,,,,,,,,,,,,,,,,,,,,,,,,,,,,20,,67,,,,,,,,22,,,16,,23,,45,,,,,,,52,,,,,,,,,,,,,,,25,
 U6808,,,,,,,,,,,,,,,,,143,,12,32,,22,,,,,,,,,72,7,111,,,,,,,,,,25,,,,,,,,,,,,,,,,,,,,,,,,,,,,,,25,,,,,,,,,,97,,,,,13,,24,,,,,,,,,,,,,,,,,,,,,,,
 U6828,,,,,,,,,,,,,,,,,16,68,,,,,,36,39,,,,,18,,9,88,,,,,,28,21,137,68,19,,,39,,,,,,,,,,,,,,,,,,,,,,,,,,,,,19,,52,46,,,,,27,,,,,,,,,32,,,,145,,27,134,,,,,,,,,,,,20,,
 U7075,,,,,,,,,,,,,,,,,56,192,,,,276,,117,,,,139,,32,161,35,116,,,,,,,,92,,,,,,,,103,,,79,,,,,,83,,,,,,,,,,,,,,,,,,,111,,,205,,,194,,,,,37,101,45,,274,,32,,,101,29,,,,,,,,,,,,,,,260
 U7355,57,104,62,,35,270,146,21,,,,,156,,,,19,107,12,10,138,16,198,16,41,58,52,16,64,12,32,10,60,36,140,384,262,276,16,65,107,96,18,,,231,36,35,64,286,192,37,298,58,,1008,89,75,,,,607,,1524,,,201,,,,,,52,83,83,30,72,140,104,16,18,206,14,41,104,19,130,17,16,11,21,212,563,33,19,37,22,36,15,58,175,107,619,206,294,580,628,62,35,46,82,34,250
 U7393,,,,,62,,,,,,,,,,,,408,37,,,,,,,,,124,,,69,,,29,,,,,,,66,212,14,21,,,,,,,,,,,,,,,12,,,,,,,,,,,,,,,,,31,25,41,94,,,,,,,,,,,,20,19,,,38,,,,28,57,,,,,,,14,,41,,,49,39,
 U7401,,200,58,,32,,20,,,,,,344,,,,15,14,80,46,44,21,33,63,49,,41,75,65,16,64,7,62,,116,348,118,,35,74,270,136,104,,,18,,,84,,,47,,61,,,376,73,,,,65,,436,,,251,,,,,,9,46,47,70,43,57,208,265,36,151,42,79,30,57,218,186,114,21,27,37,68,20,145,111,19,13,48,59,46,72,90,,79,16,118,13,,40,18,20,21
 U7405,,,,,,,,,,,,,,,,,13,,13,32,,13,,,,,,,,,55,13,53,,,,,,,,,,24,,,,,,,,,,,,,,,,,,,,,,,,,,,,,,,,20,,,,,,,,90,,,,,17,,,,,,44,,,,,,,,,,,,,,,,,,,
 U7511,,,,,20,,35,,,,,,,,,,16,119,,69,,,,,,,77,,,,30,,94,,,,,,,86,,48,,,,,,,30,,,,,,,,,,,,,,,,,,,,,,,,32,19,,53,318,,,,,,34,,,,,26,171,64,,19,,,107,,115,,,,,,,,,,,,,55,,,
 U7518,,,,,,,,,,,,,,,,,41,,,,,,,,,,,,,,16,,210,,,,,,,298,,,21,,,,,,,,,,,,,,,,,,,,,,,,,,,,,,17,,24,,,72,,,,,,,,67,,,,29,17,80,,56,97,,34,34,75,,,,,,,,,,,,,22,
 U7539,,55,,,59,18,23,198,,,,,51,,,,17,88,9,26,92,47,50,54,290,16,18,19,49,30,68,4,64,149,250,117,59,40,40,65,15,46,12,,,12,173,,20,,125,24,116,24,30,,,94,,,,27,,45,,,218,,134,,,,30,45,48,36,26,10,,43,18,39,14,39,62,10,85,34,17,15,19,15,,13,55,11,19,74,179,39,114,82,23,,,79,69,24,,36,19,14,12
 U7541,330,108,47,335,116,19,31,90,68,192,1190,149,23,194,304,325,11,36,14,29,32,14,317,13,39,90,42,18,73,179,100,9,88,230,258,110,36,68,48,12,48,43,98,115,66,14,431,57,68,54,196,21,105,18,44,13,155,50,53,206,146,225,263,78,225,369,50,146,31,130,93,369,59,88,255,13,54,51,64,70,89,47,23,32,43,16,59,13,22,37,16,51,18,44,36,55,41,24,26,26,19,318,200,162,106,61,446,16,29,12,17,17,17
 U7545,198,188,699,408,72,118,36,114,152,30,29,495,75,,568,721,19,16,20,1590,265,86,255,23,71,50,68,37,64,335,53,6,46,253,47,167,30,1216,22,41,20,26,32,135,274,84,539,51,41,67,78,47,280,49,72,2798,156,30,820,105,565,1643,267,33,243,659,75,272,59,85,148,304,22,19,10,24,21,29,158,207,47,144,14,74,64,15,432,27,48,15,19,30,142,37,45,371,211,41,22,74,281,65,48,55,178,31,17,16,327,44,84,21,63
 U7680,,,,,,,,,,,,,,,,,18,,,,,14,,,,,,,,,19,16,42,,,,,,,,,,,,,,,,,,,,,,,,,,,,,,,,,,,,,,,,,,,26,,,,,,,,,,,,21,,,55,,,,,,64,,,,,,,,,,,,,,,43,
 U7764,,,,,,,,,,,,,,,,,13,,43,,,,,,,,,,,,17,15,93,,,,,,,,,,111,,,,,,,,,,,,,,,,,,,,,,,,,,,,,,,,13,,,,,,,,13,,,15,,19,,28,,,,,,,,,,,,,,,,,,,,,,,
 U7775,,,,,,,,,,,,,,,,,,,38,22,,,,,,,,,,,,15,37,,,,,,,,,,20,,,,,,,,,,,,,,,,,,,,,,,,,,,,,,,,13,17,,,,,,,28,,,,,,,,,,,21,,,,,,,,,,,,34,,,,,18,24,
 U7827,,,,,,,,,,,,,,,,,,,,18,,,,,,,,,,,18,12,97,,,,,,30,20,,,,,,29,,,,,,,,,,,,48,,,,,,,,,,,,,,,16,40,15,,,,,,,,214,,,115,,,,18,,,,36,89,,248,,,,,,,,,25,,,,,68,,
 U7832,,,,,28,,125,,,,,,,,,,29,36,35,13,,23,,43,30,,100,60,,18,11,10,77,,,,,,66,89,46,20,29,,,42,,,89,,,17,,895,,,,93,,,,,,,,,,,,,,,72,69,21,17,17,31,,42,39,15,41,,52,128,,24,43,17,143,53,,16,46,19,26,24,49,,50,,,,,16,87,48,,20,20,29,45
 U7917,44,57,,,52,,87,24,,,,,,,,,18,33,19,18,21,19,,45,55,,51,35,75,10,31,5,70,,36,109,42,,50,63,91,59,14,,,13,,37,46,,,13,,14,,,,81,,,,68,,170,,,200,,,,,,22,45,28,28,51,132,47,19,27,46,32,63,51,14,100,10,11,10,11,28,99,15,27,41,22,11,108,32,20,31,74,,,30,26,98,,60,12,13,52
 U7957,,,,,14,,,,,,,,,,,,14,34,,20,,14,,,,,49,19,,62,,10,65,,,,,,18,,52,17,16,,,18,,,28,,,39,,72,,,,,,,,,,,,,,,,,,,12,59,,39,,,,,28,,69,,,21,,20,13,,13,,,31,18,,16,38,,37,38,,,,,17,,80,,,68,38,
 U7972,,,,,,,,,,,,,,,,,7,,,,,7,,,,,,,,,,5,17,,,,,,12,,,,,,,,,,,,,,,,,,,,,,,,,,,,,,,,,,10,9,,14,,,,,,,16,,,,,,11,,,,,,,,,,,,,,,,,,,,,,,,
 U8136,,,,,31,,,,,,,,,,,,,63,34,,,18,,23,,,67,,,,121,31,79,,,,131,,,,17,23,,,,,,,1495,,,28,,,,,,,,,,,,,,,56,,,,,,,,,,62,,,22,,63,30,,,,,22,,,,,,,,88,52,45,31,105,,,,,,58,,,,21,72,25,
 U8157,,,,,,,,,,,111,,,,,,,77,,,99,,,,,,,,,,,8,62,,,,,,,,,,119,,,,,,,420,,,,,,,,99,,,,,313,,,,38,,,,,,,,,,,,,,,,,,,,126,,,,,,,38,,,,,,,,,,277,,,,,,,,,
 U8158,,,,,,,13,,,,,,,,,,13,,9,32,,41,,67,27,,18,15,,83,11,16,73,,,,20,,12,25,14,22,13,,,10,,,,,,28,,52,,,,78,,,,,,,,,,,,,,,20,7,9,23,,17,,,25,,18,,,12,,17,12,18,14,11,,32,46,17,31,23,132,2240,12,,,,,16,,73,,35,59,28,15
 U8258,,,,,,,,,,,,,,,,,,,55,56,,,,,,,,,,,148,,109,,,,,,,,,,,,,,,,,,,,,,,,,,,,,,,,,,,,,,,,17,,54,21,,,,,,,,,,47,,36,,,29,,,,,,62,,,,,,,,,26,,,,,53,,
 U8526,,,,,,,,,,,,,,,,,22,,18,,,23,,,,,,,,,40,8,78,,,,,,71,,,106,25,,,12,,,,,,,,,,,,,,,,,,,,,,,,,,,15,,,17,,146,,,,,17,,,25,,,,21,34,,,15,,,13,,,,,,,,,,,,,,,160,
 U8541,,,,,,,,,,,,,,,,,,37,13,,,28,,,,,24,51,,,9,7,55,,,,,,13,,,,18,,,,,,,,,38,,,,,,,,,,,,,,,,,,,,,31,,34,,,,,,,61,11,,,,,10,,36,,23,,,19,,,21,12,,48,,,,,26,,,,,,74,
 U8546,,,,,,,,,,,,,,,,,,,13,26,,,,,,,,,,,25,47,29,,,,,,,,,,24,,,,,,,,,,,,,,,,,,,,,,,,,,,,,,,,46,,,,,,,,12,,,14,,,,27,,,,,,,112,,,,,,,,,,,,,,,,
 U8568,,,,,,,,,,,,,,,,,43,,31,,,,,,,,,48,,,,8,164,,,,,,,,,28,,,,,,,,,,,,,,,,,,,,,,,,,,,,,,,103,,17,105,,,,,,,,,,147,,,111,,,116,,,,,132,53,,,,,,,,27,,,,22,,,
 U8610,,,,,,,,,,,,,,,,,,,,,,,,,,,,,,,,12,124,,,,,,,,,,,,,,,,,,,44,,,,,,,,,,,,,,,,,,,,,43,,25,63,,,,,,,,,,,,39,44,,,,,86,,,,,,,,,,,,,,,,,,50,
 U8661,,,,,,,,,,,,,,,,,20,,,,,,,,,,,,,,21,,91,,,,,,,,,,20,,,,,,,,,,,,,,,,,,,,,,,,,,,,,,,,,112,,,,,,,55,,,140,,,,,,,,,41,,,,,,,,,,,20,,,,,214,,
 U8844,,,,,,,,,,,,,,,,,17,,,54,,,,,,,,,,,,8,48,,,,,,,,,,30,,,33,,,,,,,,,,,,,,,,,,,,,,,,,,,12,,,,,,,,,,,,,25,,,14,,,,,,27,,,,,,,,,,,,,,,,,,
 U8885,,,,,,,,,,,,,,,,,44,,71,53,,,,64,217,,,66,,,,11,98,,,,,,38,,,,,,,,,,,,,,,,,,,,,,,,,,,,,,,,,,,27,,43,,,,,87,,,,,146,,,,,,,,59,,,52,,138,,,,,,,72,,84,,73,,217,
 U8901,,,,,,,,,,,,,,,,,,,,9,,16,,,,,,,,,11,,43,,,,,,,27,,,18,,,,,,,,,57,,,,,,,,,,,,,,,,,,,,,11,154,,28,,,,,,,33,,,29,,,,,125,,,,,,,44,,,63,,,,,41,,,,,59,,
 U9126,,,,,97,,49,,,,,,,,,,105,40,20,18,,18,,19,23,,47,65,,29,17,13,141,,,,,,46,,20,33,24,,,15,,,,,,24,,,,,,63,,,,,,,,,27,,,,,,16,98,17,26,32,43,,56,22,47,49,26,190,44,,45,46,19,37,38,,19,63,34,18,33,47,140,91,,,,,51,,539,,28,49,24,72
 U9132,113,24,167,,28,244,37,,236,,,323,65,,,,40,41,47,38,46,22,35,37,41,34,91,34,104,166,23,12,164,40,99,31,119,69,172,94,58,27,33,,,275,45,,72,100,342,33,77,74,393,28,155,27,,440,,48,,40,,,37,,186,,,,23,38,14,15,77,42,82,80,39,94,26,51,96,20,54,23,32,23,26,41,49,22,37,410,24,27,116,48,82,59,63,361,99,41,78,542,,60,99,144,51
 U9162,,,,,,,,,,,,,,,,,21,,,50,,,,,,,,,,,48,9,65,,,,,,21,,,,,,,279,,,,,,,,,,,,,,,,,,,,,,,,,,,36,71,,19,,42,,,,,,,,122,,,,24,,,,23,,,97,,,,,,,,,,,,,60,177,,
 U9205,,,,,,,,,,,,,,,,,,,90,46,,,,45,,,,,,,,,43,,,,,,,,,,143,,,122,,,,,,,,,,,,,,,,,,,,,,,,,,,,,88,229,,199,,,,,,,,,,,,,148,34,,29,48,,,,,,,,,,,,,,,,46,,
