Login,1977,1981,1982,1983,1984,1985,1986,1987,1988,1989,1990,1991,1992,1993,1994,1995,1996,1997,1998,1999,2000,2001,2002,2003
 U1,, 18, 20, 26, 15,,,, 40,,,,,, 55,,,,,,,,,
 U2, 20, 24, 34, 46, 19,,,,,,,,,,,, 63,,,,,,,
 U5, 20, 22,, 28,,,,,,,,,,,,, 83,,,,,,,
 U7, 14, 15, 20, 17, 17, 38, 52, 60, 35, 82, 26, 117, 37,,, 49, 36, 64, 60, 127,, 44, 151,
 U9, 27, 25, 24, 55, 29, 41, 61, 104, 29, 111, 77,,,,, 113, 22, 83,, 148,,,,
 U22, 134,,,,,,,,,,,,,,,,,,,,,,,
 U25, 95, 37,,,,,,,,,,,,,,,,,,,,,,
 U26, 141, 23, 18, 28, 54, 30, 56, 403, 54, 124, 62, 91, 100, 391, 121, 49, 25, 44, 88, 58, 129, 35, 115,
 U44, 1422, 29, 32, 32, 25, 24, 39, 92, 65, 72, 34, 157, 133, 227, 318, 125, 33, 40, 175, 61, 129, 132, 126,
 U47, 30,, 37, 54, 50,,, 72,,,,,, 138,,, 71, 73, 57, 87,,,,
 U58, 66, 58,, 61, 24,,,,,,,,,,,,,,,,,,,
 U59, 80, 48, 222, 35, 501, 125, 236,,,,,,,,,, 70, 119,,,, 148,,
 U90, 2838, 31, 92,,,,,,,,,,,,,,,,,,,,,
 U106, 52, 50, 44,,,,,,,,,,,,,,,,,,,,,
 U111, 1445, 15,, 28, 35, 15, 164,, 68,,,,,,,, 151, 77,,,, 41,,
 U137, 70, 18, 15, 31, 18, 14, 23, 49, 47, 85, 24, 96,,,,, 36, 68, 44, 51,, 32, 90,
 U140, 84, 22, 32,, 107,,,, 139,,,,,,,,,,,,,,,
 U174, 106, 45, 40, 37, 29, 55, 60, 157, 91, 174, 67, 262, 92, 466, 435, 211, 133, 86, 150, 234, 535, 62, 139,
 U176, 97, 186, 58, 41, 152, 121, 138, 104, 149, 378, 94, 694, 87, 254, 291, 85, 28, 28, 110, 59, 692, 51, 125,
 U180, 87, 25, 27, 59, 50, 74, 55,, 154, 657,,,,,,, 39,, 154,,, 167, 136,
 U184, 67, 24, 17, 18, 18, 17, 28, 46, 25, 42, 18, 79, 69, 82, 93, 35, 66, 27, 32, 56, 71, 34, 44,
 U190, 76, 18, 22, 21, 113, 25, 28,,,,,,,,,, 21,,,,,,,
 U200, 23,,,,,,,,,,,,,,,,,,,,,,,
 U211, 104, 86, 30, 18, 35, 39, 56, 110, 166, 129, 82, 372, 121,,, 109, 45, 47, 198, 191, 210, 127, 224,
 U220, 25, 117, 121, 72, 34, 91, 140, 84, 81, 131, 39, 447, 200,,, 116, 32, 131, 70, 146,, 17, 130,
 U224, 89, 56, 49, 39, 84, 122, 46, 136, 53, 84, 39, 390, 162, 1743, 188, 288, 103, 57, 107, 424, 485, 63, 421,
 U234, 51,,,, 53,,,,,,,,,,,,,,,,,,,
 U264, 15, 13, 39, 21, 17,,,,,,,,,,,, 58,,,,,,,
 U267, 7189, 40, 25, 25, 27,,,,,,,,,,,, 37,,,,,,,
 U276, 108, 21, 22, 28, 17, 46, 42, 52, 22, 77, 38, 91, 52, 107, 210, 54, 22, 53, 54, 61, 349, 39, 67,
 U283, 47, 26,,,,,,,,,,,,,,,,,,,,,,
 U290, 40, 224, 47, 59, 27,,,,,,,,,,,, 70, 57,,,,,,
 U305, 193, 467, 112,,,,,,,,,,,,,,,,,,,,,
 U323, 115,,,,,, 201,,,,,,,,,,,,, 830,, 52,,
 U374, 51, 80, 45, 37, 64,,,,,,,,,,,,,,,,,,,
 U524, 98, 120, 25, 41, 113,,,,,,,,,,,, 341,,,,,,,
 U692, 192, 19, 24, 21, 78, 218,,,,,,,,,,, 84,,,,,,,
 U696, 116, 102,,,,,,,,,,,,,,,,,,,,,,
 U733, 33, 46,, 40,,,,,,,,,,,,,,,,,,,,
 U784, 77, 14, 17, 29, 18, 15, 28, 62, 138, 60, 64, 107, 77, 199, 110, 140, 32, 43, 58, 109, 226, 86, 61,
 U789, 297, 48, 73, 49, 75,,,,,,,,,,,, 161, 95,,,,,,
 U868, 48, 21, 31, 47, 44, 45, 53, 154, 38, 182, 39, 199, 175, 219, 140, 149, 27, 47, 60, 125,, 206, 134,
 U932, 99, 21, 54, 37, 17, 20, 28, 134,, 76, 42, 179, 90,, 203, 172, 94, 93, 120, 93,, 41,,
 U977, 118, 44, 121, 26, 42, 182, 145, 589, 203, 340, 257,,,,,, 40, 189,,,,,,
 U1038, 138, 321,,,,,,,,,,,,,,,,,,,,,,
 U1078, 340, 45,,, 285,,,,,,,,,,,,,,,,,,,
 U1359, 1576, 199,, 134,,,,,,,,,,,,,,,,,,,,
 U1379, 383,,,,,,,,,,,,,,,,,,,,,,,
 U1383, 121, 52,, 64,,,,,,,,,,,,,,,,,,,,
 U1390, 98, 104, 23, 26, 48, 65, 91,, 312,,,,,,,, 163, 35, 61,,,,,
 U1419, 672, 42, 20, 25, 24, 33, 51, 612, 42, 247, 100, 787, 563, 676, 151, 156, 53, 42, 90, 830,, 57, 66,
 U1495, 114, 104,,,,,,,,,,,,,,,,,,,,,,
 U1549, 76, 35, 28, 30, 26, 32, 71, 74, 78, 137, 115, 180, 130, 341, 416, 99, 266, 43, 121, 238, 415, 53, 153,
 U1557, 108, 24,,,,,,,,,,,,,,,,,,,,,,
 U1716, 85, 54,,,,,,,,,,,,,,,,,,,,,,
 U1762, 202, 14, 66, 80, 45, 186, 131, 114, 81, 221, 434, 382,,,, 371, 103, 86,,,, 213, 207,
 U1768, 64, 20, 22, 63, 24, 79, 97, 133, 113, 138, 50, 213, 210,,, 222, 83, 127, 80, 222,, 54, 137,
 U1789, 240, 34, 103, 242, 73,,,,,,,,,,,,,,,,,,,
 U1937, 60, 19, 27, 46, 20, 38, 31,, 29,, 34,,,,,, 28, 138,,,, 65,,
 U1944, 64, 28, 30, 26, 30,,,,,,,,,,,,,,,,,,,
 U1978, 102, 275, 85, 2097, 110, 6313, 469, 1507, 574, 281, 188, 543,,, 1595, 782, 159, 132,,,,,,
 U2021, 38, 22, 29, 28, 28, 26, 171, 83, 31, 98, 38, 216, 59, 196, 1065, 128, 29, 31, 73, 65, 82, 57, 216,
 U2023, 141,, 30, 50,,,,,,,,,,,,, 206,,,,,,,
 U2030, 62, 48, 62, 32, 79, 57, 47, 95, 70, 98, 75,, 133,,, 389, 30, 40, 164, 51,, 60, 95,
 U2067, 31, 44, 30, 30, 22, 56, 42,, 112,, 70,,,,,, 78, 102,,,, 37,,
 U2090, 246, 67, 99, 25, 223,,, 87,,,,,,,,, 105, 72, 152,,,,,
 U2144, 26, 71, 24, 34, 14, 33, 26, 81, 27, 62, 93, 178, 113,, 593, 133, 49, 55, 157, 82, 244, 39, 43,
 U2160, 134, 25, 20, 35, 30, 71, 95, 82, 51, 131, 42, 173, 43, 161, 141, 56, 77, 47, 94, 101, 355, 78, 156,
 U2175, 104, 107, 33, 215, 76,,, 148, 342,,,,,,,, 98,,,,,,,
 U2199, 43, 140,, 55, 53,,,,,,,,,,,,,,,,,,,
 U2203, 73, 25, 194, 33, 31,,,, 183,,,,,,,, 56,,,,,,,
 U2209, 100, 23,,,,,,,,,,,,,,,,,,,,,,
 U2210, 75, 30, 23, 25, 29, 290, 112, 151, 59, 172, 52, 197, 146,, 147, 515, 48, 98, 86, 53,, 57, 66,
 U2321, 135, 22, 42,, 25,,,,, 312, 83, 159,,,, 98, 67, 44, 78,,, 54, 85,
 U2451, 38, 20, 44, 49, 22, 78, 54,, 70,, 96,,,,,, 30, 38,,,,,,
 U2539, 45, 43, 20, 17, 50, 19, 56, 81, 106, 89, 56, 210, 114, 67, 108, 159, 37, 35, 54, 53, 134, 102, 159,
 U2661, 55, 35,, 96, 71,,,,,,, 242,,, 365,,, 193, 123,,,, 184,
 U2662, 63, 65, 65, 48, 35,,,,,,,,,,,, 42, 119,,,,,,
 U2691, 36, 26, 23, 34, 22, 18, 34, 41, 25, 71, 81, 154, 58, 300, 256, 78, 25, 68, 130, 103, 249, 37, 53,
 U2772, 200, 24,, 29,,,,,,,,,,,,,,,,,,,,
 U2810, 73, 21, 21, 212, 64, 269, 67, 58, 32,, 33,,,,,, 26, 116, 93,,, 28,,
 U2890, 42, 47,,,,,,,,,,,,,,,,,,,,,,
 U2901, 233,,,,,,,,,,,,,,,,,,,,,,,
 U2925, 73, 119, 25, 29, 181,, 168,,,,,,,,,, 57, 64,,,,,,
 U2982, 100, 14, 30, 19, 15, 165,,,,,,,,,,, 22, 57,,,,,,
 U3070, 267, 21, 36, 34, 27, 164, 53, 313, 42, 219, 283, 230, 96, 274, 224, 187, 44, 28, 256, 155,, 78, 93,
 U3071, 66, 27, 49,, 22,,,,,,,,,,,,,,,,,,,
 U3113, 69, 20, 30, 13, 16, 20, 57, 50, 28, 77, 51, 131, 98, 210, 111, 54, 25, 41, 65, 54, 101, 49, 142,
 U3121, 133,,,,,,,,,,,,,,,,,,,,,,,
 U3147, 30, 180, 32, 29, 38, 269, 240, 247, 38, 138, 79, 504, 467,,, 349, 73, 58, 58, 205, 1309, 73, 196,
 U3182, 91, 23, 27, 18, 30, 56, 44, 457, 50, 1844, 85, 406, 909, 664, 246, 140, 226, 144, 105, 181, 459, 53, 131,
 U3205, 155, 166, 187, 80, 76, 64, 59, 395, 459, 113, 48,, 69,,, 109, 492, 54, 146,,, 195, 91,
 U3223, 34, 64, 43, 60, 98,,,,,,,,,,,, 124,,,,,,,
 U3371, 180, 72,,,,,,,,,,,,,,,,,,,,,,
 U3373, 159,,,,,,,,,,,,,,,,,,,,,,,
 U3439, 421,,,,,,,,,,,,,,,,,,,,,,,
 U3550, 704, 39, 36, 40, 45, 64, 76, 78, 40, 115, 50, 135, 435,, 141, 388, 46, 118, 58, 144, 334, 60, 85,
 U3558, 96, 56,,,,,,,,,,,,,,,,,,,,,,
 U3576, 53, 42, 43, 32, 37,,,,,,,,,,,, 83,,,,,,,
 U3655, 237, 131, 49,, 40, 39, 86, 104, 169, 297, 335, 273, 138,,, 122, 102, 120, 112, 161,, 277, 263,
 U3656, 162, 18, 34, 47, 18, 27, 112, 88, 79, 113, 49, 322, 175, 142, 328, 249, 33, 81, 83, 107, 250, 33, 274,
 U3667, 82, 26, 37, 37, 42, 22, 61,, 108,, 116,,,,,, 35, 90, 92,,, 144,,
 U3670, 273,, 87, 41, 40,,,,,,,,,,,, 104,,,,,, 270,
 U3689, 24, 26, 22, 38, 40, 55, 38, 77, 56, 93, 55, 172, 81, 338, 836, 200, 75, 28, 72, 99, 189, 41, 73,
 U3778, 59, 40, 41, 324, 66, 364, 72,, 107,, 151,,,,,, 54, 93,,,, 30,,
 U3833, 88, 42, 68, 42, 31, 123, 60,, 39,,,,,,,, 97, 163,,,,,,
 U3872, 627,,,,,,,,,,,,,,,,,,,,,,,
 U3884, 74,,,,,,,,,,,,,,,,,,,,,,,
 U3933, 50, 18, 30, 30, 24, 102, 26, 48, 39, 77, 52, 285, 147,, 363, 59, 32, 32, 113, 218, 331, 48, 67,
 U3957, 57, 22, 106, 34, 21, 47, 36, 189, 77, 67, 36, 166, 239,, 437, 380, 41, 119, 110, 173,, 62, 128,
 U3962, 184, 76,, 36,,,,,,,,,,,,,,,,,,,,
 U4025, 67,,,,,,,,,,,,,,,,,,,,,,,
 U4098, 69, 143,,,,,,,,,,,,,,,,,,,,,,
 U4144, 418, 120,,,,,,,,,,,,,,,,,,,,,,
 U4193, 64,,,,,,,,,,,,,,,,,,,,,,,
 U4200, 181, 26, 47, 51, 18, 48, 511, 605, 33, 231, 47, 471,,,, 214, 130, 50, 175,,, 36, 94,
 U4288, 28, 123,, 60, 27,,,,,,,,,,,,,,,,,,,
 U4325, 66, 18, 26, 34, 56,,, 320, 111, 93, 56,, 209,,, 133, 171, 63, 70,,, 41,,
 U4351, 59, 53, 33, 15, 29,,,, 145,,,,,,,,, 163,,,, 46,,
 U4354, 161, 21, 27, 32, 43, 342, 161,, 159,, 59,,,,,, 46, 61, 57,,, 118,,
 U4368, 193, 67,,,,,,,,,,,,,,,,,,,,,,
 U4394, 95, 20, 32, 34, 21, 101, 128, 171, 45, 751, 191,,,,, 315, 149, 47, 96,,, 243, 508,
 U4416, 66, 29, 15, 23, 23, 194, 52, 71, 57, 92, 83, 149, 263,,, 136,,,,,, 157, 148,
 U4456, 82, 19, 27, 45, 43, 26, 103, 130, 45, 217, 309, 197, 179,,, 120, 37, 50, 115, 244,, 37, 111,
 U4553, 59, 121,,,,,,,,,,,,,,,,,,,,,,
 U4558, 73, 47,,, 37,,, 398,,,,,,,,, 154,,,,,,,
 U4740, 42,,,,,,,,,,,,,,,,,,,,,,,
 U4743, 29, 15, 62, 32, 40, 405, 43, 73, 80, 877, 118, 215, 1566, 1298, 1401, 225, 115, 46, 122, 199, 335, 91, 171,
 U4779, 64,,,,,,,,,,,,,,,,,,,,,,,
 U5118, 31, 63, 33, 30, 48, 70, 109, 455, 174, 331, 62, 533, 96, 769, 359, 144, 116, 41, 60, 302, 147, 45, 43,
 U5306, 198, 24, 14, 78, 22, 29,, 64, 26,,,,,,,, 22, 59,,,,,,
 U5308, 182, 176, 159, 19, 19, 469, 55, 108, 52, 229, 142, 140, 295, 488, 217, 152, 32, 35, 109, 140, 707, 120, 183,
 U5426, 655, 85, 670, 121, 20, 54,,, 112,,,,,,,, 225,,,,,,,
 U5467, 454, 43, 23, 23, 17, 20, 56, 43, 30, 121, 39, 195, 47, 843, 196, 83, 19, 49, 55, 56, 828, 32, 107,
 U5521, 110, 31, 50, 30, 25, 37, 70, 83, 47, 140, 40, 139, 135, 76, 260, 175, 30, 47, 116, 63,, 48, 95,
 U5553, 60, 118,,,,,,,,,,,,,,,,,,,,,,
 U5651, 28, 52, 105, 33, 22,,,,,,,,,,,,,,,,,,,
 U5654, 47, 33, 22, 32, 22, 48, 44, 68, 63, 90, 41, 287, 88,,, 265, 47, 40, 71, 221,, 53, 112,
 U5685,, 42, 36, 45, 65, 26, 66, 103, 175, 144, 46,, 115,,, 409, 78, 66, 108, 148,, 81, 74,
 U5723, 39, 39, 31,,,,,,,,,,,,,,,,,,,,,
 U5737, 216,,,,,,,,,,,,,,,,,,,,,,,
 U5791, 133, 93, 35, 37, 35, 529, 117, 127, 42, 101, 259, 396, 427,,, 113, 85, 41, 99, 336,, 117, 109,
 U5796, 29, 19, 20, 50, 26, 53, 26, 51, 39, 73, 33, 144, 64,,, 150, 23, 31, 39, 55,, 29, 43,
 U5803, 131, 47,,,,,,,,,,,,,,,,,,,,,,
 U5823, 70, 42, 63, 54, 31, 61, 156, 226, 54, 144, 54, 185, 236,,, 153, 84, 81, 71, 259,, 90, 151,
 U5827, 4640, 23, 18, 33, 24, 28,,,,,,,,,,, 41, 26,,,, 40,,
 U5865, 113, 28, 99, 66, 17, 215, 205,, 427,,,,,,,, 156, 338,,,, 58,,
 U5871, 34, 38, 23, 25, 58, 18, 39, 81, 165, 83, 61, 134, 102,,, 639, 145, 79, 48, 181,, 41, 224,
 U5872, 47,,,,,,,,,,,,,,,,,,,,,,,
 U5946, 136, 45, 62, 54, 63, 114, 556, 2232, 62,, 468,,,,,, 382, 1315, 105,,, 133, 461,
 U5966, 152, 44, 44, 52, 79, 53, 115,, 420,, 218,, 226,,,, 382, 162, 109,,, 288, 146,
 U5994, 59, 172,,,,,,,,,,,,,,,,,,,,,,
 U6054, 328, 52, 52, 29, 194,,,,,,,,,,,, 113, 70,,,, 45,,
 U6259, 96,,,,,,,,,,,,,,,,,,,,,,,
 U6260, 54, 72, 31, 50, 67, 45, 95, 363, 119, 468, 205, 1644, 878,, 312, 76, 264, 81, 81, 797, 670, 84, 170,
 U6361, 147,,,,,,,,,,,,,,,,,,,,,,,
 U6379, 125, 17, 28, 33, 22, 89, 54, 85, 188, 312, 79,,,,, 386, 47, 62, 77,,, 58, 41,
 U6387, 51, 29, 39, 33, 44, 113,,,,,,,,,,,,,,,,,,
 U6393, 61, 30, 41, 59, 14, 61, 38, 68, 40, 79, 41, 141, 169,,, 421, 26, 40, 41, 53,, 76, 82,
 U6404, 122, 25, 19, 20, 19, 99, 29, 50, 28, 81, 27,, 153,,, 150, 44, 49, 47, 70,, 49, 87,
 U6422, 112, 24, 26, 37, 83, 245, 69, 55, 38, 164, 64, 170, 75,,, 911, 53, 59, 200, 130,, 26, 89,
 U6443, 70, 54, 22, 26, 22, 41, 31, 171, 81, 68, 242, 149,,,,, 28, 24, 85,,, 15, 81,
 U6450, 63, 41, 39, 63, 27, 25, 53, 291, 148, 105, 112, 276,,,, 1721, 45, 318, 123, 153,, 301, 148,
 U6458, 51,,,,,,,,,,,,,,,,,,,,,,,
 U6465, 358, 173, 43, 303, 346, 170,,,,,,,,,,, 297,,,,,,,
 U6495, 93, 23, 72,, 27,,,,,,,,,,,,,,,,,,,
 U6580, 47, 46, 22, 168, 26, 42, 130,, 359,, 85,,,,,, 314, 77, 146,,, 191,,
 U6633,, 80,, 42, 157,,,,,,,,,,,,,,,,,,,
 U6723, 80, 63, 172, 34, 22, 27,,, 156,,,,,,,, 59,,,,,,,
 U7075,,,, 234,,,,,,,,,,,,,,,,,,,,
 U7307, 759, 78, 27, 47, 29, 25, 66, 99, 142, 246, 95, 132, 97, 794, 68, 161, 50, 73, 53, 96, 323, 266, 101,
 U7325, 76,,,,,,,,,,,,,,,,,,,,,,,
 U7354, 107,,,,,,,,,,,,,,,,,,,,,,,
 U7405, 72, 141, 63, 253, 869,,,, 1653,,,,,,,, 216,,,,,,,
 U7506, 72, 101,, 60,,,, 763,,,,,,,,, 49,, 101,,,,,
 U7541, 78, 30, 47, 29, 18, 36, 99, 63, 97, 89, 113, 236, 140, 828, 184, 178, 134, 50, 77, 520, 1026, 92, 34,
 U7657, 335, 68, 295,,,,,,,,,,,,,,,,,,,,,
 U7680, 544, 44, 158, 35, 168,,,,,,,,,,,,,,,,,,,
 U7729, 417,,,,,,,,,,,,,,,,,,,,,,,
 U7744, 49, 86, 41, 31,,,,,,,,,,,,,,,,,,,,
 U7809, 145, 39, 19,,,,,,,,,,,,,,,,,,,,,
 U7810, 211, 31, 99, 50, 75, 52, 252, 447, 48, 397, 141, 213, 342, 1645, 241, 348, 56, 79, 381, 304, 581, 196, 217,
 U7812, 137,,, 90,,,,,,,,,,,,,,,,,,,,
 U7898, 50, 34, 34, 25, 65, 20, 74, 79, 40, 118, 48,,,,,, 46, 36, 100, 182,, 43, 134,
 U7911, 28,,,,,,,,,,,,,,,,,,,,,,,
 U7913, 129,,,,,,,,,,,,,,,,,,,,,,,
 U7916, 204, 63, 96,,,,,,,,,,,,,,,,,,,,,
 U7939, 123,,,,,,,,,,,,,,,,,,,,,,,
 U7942, 83, 309, 240, 90, 74, 72, 202, 372, 139,, 180,, 715,,, 763, 173, 135, 196,,, 312,,
 U7943, 79, 29, 22, 25, 19,,,,,,,,,,,, 82,,,,,,,
 U7947, 276, 21,,, 26,,,,,,,,,,,,,,,,,,,
 U7952, 97, 24,, 47,,, 42,, 125, 131,,,,,, 103, 75,,, 260,,, 142,
 U7956, 341, 21, 52, 39, 69,,,,,,,,,,,, 50, 55,,,,,,
 U7973, 55, 258, 110, 29, 29, 185, 177, 216, 42, 387, 93,,,,,, 336, 70, 59,,, 290,,
 U7995, 77,,,,,,,,,,,,,,,,,,,,,,,
 U7997, 176, 17, 49, 35, 41, 227, 33,, 26,, 65,,,,,, 38, 127, 51,,, 63, 338,
 U8004, 161, 22,, 316,,,,,,,,,,,,,,,,,,,,
 U8008, 93,,,,,,,,,,,,,,,,,,,,,,,
 U8009, 18,,,,,,,,,,,,,,,,,,,,,,,
 U8010, 100, 24, 58, 85, 203, 89, 141,, 128,, 116,,,,,, 299,,,,,,,
 U8016, 82,,, 12, 22,, 160, 79,, 75,, 136,,,,,,, 130,,,,,
 U8021, 50, 15, 20, 37, 306,,,,,,,,,,,,,,,,,,,
 U8022, 81, 33,, 41, 37,, 248, 102,, 145, 43, 154,,,,,,, 202,,, 40,,
 U8056, 73, 153, 30, 54, 40,,,, 287,,,,,,,, 58,,,,,,,
 U8075, 340, 265, 98, 52, 24, 77, 116, 205, 55, 438, 147,,,,,, 92, 124, 685,,, 234, 230,
 U8076, 134, 57,,,,,,,,,,,,,,,,,,,,,,
 U8138, 237,,,,,,,,,,,,,,,,,,,,,,,
 U8140, 94,,,,,,, 431, 42, 453,,, 153,,,,,,,,, 53,,
 U8163, 67,,,,,,,,,,,,,,,,,,,,,,,
 U8264, 42,,,,,,,,,,,,,,,,,,,,,,,
 U8294, 71, 127,,,,,,,,,,,,,,,,,,,,,,
 U8295, 40,,,,,,,,,,,,,,,,,,,,,,,
 U8305, 506, 447, 119, 49, 102,,,,,,,,,,,,,,,,,,,
 U8307, 139, 28, 36, 18, 23, 251,,,,,,,,,,, 59, 60,,,,,,
 U8316, 75,,,,,,,,,,,,,,,,,,,,,,,
 U8381, 38,,,,,,,,,,,,,,,,,,,,,,,
 U8401, 632, 56, 75, 216, 42,,,,,,,,,,,, 290, 685,,,, 443,,
 U8402, 48,, 30, 95, 25,, 50,,,, 312,,,,,, 36, 44,,,,,,
 U8405, 86,,,,,,,,,,,,,,,,,,,,,,,
 U8409, 130, 35, 46, 43, 115, 61, 48, 67, 51, 286, 51, 390, 82,,, 104, 45, 74, 141, 765,, 76, 319,
 U8410, 56, 18, 31, 49, 71, 48, 32, 136, 94, 73, 51,,,,,, 46, 29, 100,,, 96, 233,
 U8414, 190, 49, 57, 37, 44, 87, 273, 177, 86, 130, 46,,,,,, 387, 253, 585, 313,, 73, 705,
 U8416, 56, 21, 195, 136, 37, 29, 317, 133, 77, 175, 121, 198, 530,,, 220, 31, 91, 94, 95, 142, 43, 364,
 U8433, 42, 18,,,,,,,,,,,,,,,,,,,,,,
 U8436, 35, 23, 48, 50, 81,,,, 137,,,,,,,, 90, 65,,,, 61,,
 U8453, 135,,,,,,,,,,,,,,,,,,,,,,,
 U8476, 85, 38, 27, 29, 33, 77, 52,, 73,, 94,,,,,, 55, 23, 40,,, 33,,
 U8524, 71, 33, 34, 53, 52, 63, 46, 1170, 50, 459, 356,,,,,, 179, 215, 55,,,,,
 U8542, 28,,,,,,,,, 317,, 328,,,, 214,,,,,,, 254,
 U8545, 94, 31, 42, 52, 151, 241,,,,,,,,,,,,,,,,,,
 U8549, 206, 20, 29,, 32,,,,,,,,,,,, 40,,,,,,,
 U8551, 75,,,,,,,,,,,,,,,,,,,,,,,
 U8564, 85, 228, 29, 54, 42, 152, 41, 129, 49, 69, 31, 151, 86, 169, 280, 260, 32, 124, 58, 98, 322, 72, 99,
 U8574, 66, 29,,,,,,,,,,,,,,,,,,,,,,
 U8597, 130,,,,,,,,,,,,,,,,,,,,,,,
 U8609, 90, 67,,,,,,,,,,,,,,,,,,,,,,
 U8628, 48, 42, 42, 71, 337, 316, 259,, 43, 541, 81,,,,,, 68, 53, 110,,, 48, 153,
 U8629, 13, 30, 51, 39, 31, 229, 66, 330, 54, 228, 363, 394, 335, 2094, 392, 252, 41, 99, 53, 290, 2279, 408, 776,
 U8643, 66, 339, 53, 39,,,,,,,,,,,,,,,,,,,,
 U8661, 151, 26, 21, 18, 45, 564, 41, 565, 77, 155, 103, 430, 532,,, 1263, 32, 32, 391, 104, 619, 31, 120,
 U8670, 67, 25,,,,,,,,,,,,,,,,,,,,,,
 U8772, 182, 18,, 47, 378,, 109,, 126,,,,,,,, 163, 100,,,,,,
 U8821, 69, 335, 71, 34, 40, 378, 299,, 76,, 435,,,,,,, 696, 822,,, 938,,
 U8822, 200,,,,,,,,,,,,,,,,,,,,,,,
 U8826, 59, 24,,,,,,,,,,,,,,,,,,,,,,
 U8833, 4144, 49, 93, 31, 47, 56, 543,, 52,, 118,,,,,, 576, 101,,,, 66,,
 U8844, 56,,,,,,,,,,,,,,,,,,,,,,,
 U8852,, 104, 60, 54,,,, 98, 66,, 99,,,,, 252, 143,, 169,,,, 127,
 U8867, 84,,,,,,,,,,,,,,,,,,,,,,,
 U8869, 128, 19, 31, 34, 23,,,,,,,,,,,,,,,,,,,
 U8870, 25,,,,,,,,,,,,,,,,,,,,,,,
 U8877, 60,, 55,,,,,,,,,,,,,,,,,,,,,
 U8878, 235,,, 104, 95,,,,,,,,,,,,,,,,,,,
 U8892, 302, 30, 426, 24, 40, 149, 244, 1009, 39, 1760, 110, 256, 228,, 1648, 224, 201, 128, 200, 194,, 164, 10685,
 U8895, 104, 65, 46, 102, 121, 250, 69, 1449, 28, 725, 145, 628, 156,,, 446, 96, 169, 253,,, 196, 225,
 U8896, 95, 19, 31, 38, 29, 40, 130,, 243,, 60,,,,,, 88, 150, 160,,, 63,,
 U8897, 11, 16, 25, 24, 35, 28, 30, 173, 29, 184, 108, 484, 74,,, 117, 39, 37, 72, 154,, 27, 80,
 U8899, 106, 93, 30, 42,, 136, 42, 64, 67, 112, 341, 327, 68,,, 37, 49, 74, 140, 186, 270, 147, 534,
 U8900, 73, 34, 36, 78, 56, 112, 72, 107, 54, 284, 98, 373, 259,,, 160, 74, 102, 221, 127,, 83, 330,
 U8901, 60, 19, 39, 97, 40, 74, 74, 169, 301, 123, 99,, 160,,, 204, 31, 105, 53, 175,, 118, 145,
 U8917, 95, 24, 33, 26, 24, 91, 55, 124, 37, 156, 70, 198,,,, 157, 186, 110, 310,,, 504, 207,
 U8919, 77, 18, 18, 26, 43, 23, 45, 58, 142, 107, 92, 261, 38, 46, 126, 159, 83, 41, 56, 98, 194, 31, 83,
 U8936, 52, 201, 66, 87,, 369,,,,,,,,,,, 178,,,,,,,
 U8966, 90, 23, 31,, 27,,,,,,,,,,,, 41,,,,,,,
 U9024, 62,,,,,,,,,,,,,,,,,,,,,,,
 U9047, 45,,,,,,,,,,,,,,,,,,,,,,,
 U9064, 307, 61, 29, 25, 32, 98, 44, 86, 35, 69, 176, 273,,,, 139, 74, 123, 76, 204,,,,
 U9140, 103, 125,,,,,,,,,,,,,,,,,,,,,,
 U9143, 120, 128,,, 46,,,,,,,,,,,,,,,,,,,
 U9146, 49,,,,,,,,,,,,,,,,,,,,,,,
 U9147, 135, 34, 101, 30, 37, 41, 31, 157, 43, 886, 260, 828, 866,,, 70, 70, 76, 69, 185,, 68, 408,
 U9163, 151, 23, 41, 53, 186, 154, 38, 70, 43, 121, 750, 321, 407,,, 604, 58, 80, 92, 412, 817, 38, 424,
 U9164, 37, 122, 48, 142, 112, 73, 105, 1735, 193, 188, 85, 258, 1044,,, 864, 141, 67, 42, 135,, 58, 335,
 U9174, 163, 23, 30, 24, 30, 72, 507, 691, 35, 277, 137,, 297,,, 47, 110, 72, 196,,,,,
 U9175, 29,,, 43,,, 307,, 132,,,,,,,, 185,,,,,,,
 U9180, 147, 53, 33, 33, 27, 88, 145, 1285, 71, 583, 115, 211, 178,, 222, 219, 190, 105, 109, 397,, 88, 558,
 U9200, 162,,,,,,,,,,,,,,,,,,,,,,,
 U9204, 168, 162, 84, 43, 35, 47, 61, 713, 201, 343, 77,, 177,,, 231, 319, 195, 107, 248,, 45,,
 U9209, 78,,,,, 217, 70, 135, 50, 597, 52, 146,,,, 608, 146, 203,,,, 86, 158,
 U9215, 77,,,,,,,,,,,,,,,,,,,,,,,
 U9216, 26,,,,,,,,,,,,,,,,,,,,,,,
 U9234, 71, 210, 80,, 44,,,,,, 190,,,,,, 57,, 230,,,, 291,
 U9268, 31, 48,,,,,,,,,,,,,,,,,,,,,,
 U9307, 18, 68, 24, 289, 57,,,,,,,,,,,, 99, 40,,,,,,
 U9314,, 21, 45,, 34,,,,,,,,,,,,,,,,,,,
 U9321, 176, 327, 126, 156,,,,,,,,,,,,,,,,,,,,
 U9325, 469,, 472,,,,,,,,,,,,,,,,,,,,,
 U9329, 79, 37, 32, 53, 23, 88,,, 103,,,,,,,, 44,,,,,,,
 U9352, 76, 27, 521, 30, 73, 78, 63, 219, 343, 119, 100, 465, 512, 1027, 803, 450, 268, 93, 62, 466, 710, 132, 118,
 U9370, 54,,,,,,,,,,,,,,,,,,,,,,,
 U9432, 73, 53, 95, 26, 25, 80, 113,, 76,, 77, 675,, 2125,,, 51, 192, 79,,, 96, 161,
 U9433, 34, 47, 86, 27,,,,,,,, 269,, 690,,,,,, 463,,,,
 U9479, 125, 23,,, 16,,,,,,,,,,,,, 65, 104,,,,,
 U9522, 99, 354, 240, 41, 136, 348, 37, 927, 215, 121, 228, 205, 283, 218, 404, 242, 45, 264, 75, 177, 260, 63, 53,
 U9539, 50, 58, 78, 57, 49, 32, 160,, 267,, 87,,,,,, 102, 173, 528,,, 71,,
 U9549, 110, 23, 50, 349, 34, 140,,, 60,,,,,,,, 179,,,,,,,
 U9558, 54,,,,,,,,,,,,,,,,,,,,,,,
 U9562, 204,,, 27, 397,,,,,,,,,,,,,,,,,,,
 U9577, 57, 24, 32, 25, 86, 245, 45, 85, 62, 97, 68, 132, 67,, 473, 101, 72, 52, 86, 697, 413, 36, 278,
 U9618, 39, 17, 18, 36, 29, 19, 36, 35, 19, 56, 41, 2500,,,, 116, 24, 32, 88, 95,, 19, 78,
 U9625, 494,,,,,,,,,,,,,,,,,,,,,,,
 U9629, 170,,, 56,,,,,,,,,,,,,,,,,,,,
 U9642, 39,,,,,,,,,,,,,,,,,,,,,,,
 U9647, 139, 25, 36, 66, 31,,,,,,,,,,,, 37, 81,,,,,,
 U9708, 39, 32, 31, 37, 21, 24, 66, 103, 31, 208, 5679, 156,,,,, 154, 54, 53, 250, 197, 29, 157,
 U9711, 74, 32, 29, 49, 23, 26, 42, 190, 41, 89, 88, 184, 124,, 47, 196, 35, 172, 84, 137, 119, 25, 136,
 U9712, 356, 223, 82, 175, 21, 34, 29, 87, 83, 124, 113, 121, 260,,, 196, 65, 62, 122, 73, 157, 144, 180,
 U9714, 104, 52,,,,,,,,,,,,,,,,,,,,,,
 U9715, 104, 39, 44, 60, 35, 213, 296, 170, 50, 162, 76, 252, 162,,, 196, 63, 70, 111, 205, 477, 86,,
 U9729, 28, 40,,,,,,,,,,,,,,,,,,,,,,
 U9742, 288, 87, 39, 55,,,,,,,,,,,,,,,,,,,,
 U9757, 109, 22, 37, 52, 35, 316,,,,,,,,,,,,,,,,,,
 U9778, 15,,,,,,,,,,,,, 784,,,,,,,,,,
 U9782, 225,,,,,,,,,,,,,,,,,,,,,,,
 U9795, 27, 40,,,,,,,,,,,,,,,,,,,,,,
 U9809, 70, 94,,,,,,,,,,,,,,,,,,,,,,
 U9827, 128, 64, 54, 23, 40, 82, 44, 98, 38, 116, 143, 159, 171,,, 438, 138, 87, 622, 74, 207, 57, 357,
 U9828, 103, 147, 673, 216, 440, 88, 223, 757, 119, 413, 589, 662, 696,,, 1375, 279, 182, 689, 162, 1793, 189, 1219,
 U9834, 84, 24, 22, 40,,,, 82,,,,,,,,, 52,, 120,,,,,
 U9837, 91,,,, 205,,,,,,,,,,,,,,,,,,,
 U9839, 140, 30, 33, 46, 19,,,,,,,,,,,,,,,,,,,
 U9845, 88,,,,,,,,,,,,,,,,,,,,,,,
 U9846, 80, 88, 44, 30, 35, 62, 78, 140, 100,, 102,,,,,, 34, 119, 51,,, 177, 133,
 U9853, 166, 49, 56, 28, 33, 45, 235, 142, 344, 152, 100, 218, 138,, 341, 132, 73, 74, 388, 483,, 92, 163,
 U9914, 28, 19, 35, 33, 16,,,,,,,,,,,,, 110,,,,,,
 U9927, 85, 139, 621, 225, 235, 89, 258, 65, 236, 80, 94, 382, 155,, 266, 385, 878, 170, 466, 94, 1961, 186, 108,
 U9934, 67, 76,, 19,,,, 67,, 56, 110, 143, 84,,,, 46, 64, 119, 144,,, 136,
 U9939,,,, 41, 23,,, 350,,, 133,,,,,, 45,, 127,,,,,
 U9956, 43, 57, 45, 42, 502,,,,,,,,,,,, 340,,,,,,,
 U9966, 92,,,,,,,,,,,,,,,,,,,,,,,
 U9972, 114, 53, 39,, 28,,,,,,,,,,,,,,,,,,,
 U9977, 133, 46,, 172, 35,,, 290,,, 168,,,,,,, 217, 191,,,,,
 U9989, 60, 117,,,,,,,,,,,,,,,,,,,,,,
 U10041, 103, 24, 174, 62, 191,,,,,,,,,,,,,,,,,,,
 U10042, 128, 64, 244, 164, 62,,,,,,,,,,,,,,,,,,,
 U10239, 27, 40,,,,,,,,,,,,,,,,,,,,,,
 U10247, 332, 60,,, 29,,,,,,,,,,,,,,,,,,,
 U10248, 342,,,,,,,,,,,,,,,,,,,,,,,
 U10288, 70,,,,,,,,,,,,,,,,,,,,,,,
 U10315, 26, 81, 42,, 55,,,,,,,,,,,,,,,,,,,
 U10318, 44, 157, 39,, 60,,,,,,,,,,,, 51,,,,,,,
 U10378, 83, 100, 47,, 67,,,,,,,,,,,, 150, 64, 180,,,,,
 U10379, 106, 55, 47, 34, 29,, 51, 427, 29,, 83,,,,,, 26, 200, 84,,, 133,,
 U10405, 347, 203,,,,,,,,,,,,,,,,,,,,,,
 U10554, 169,,,,,,,,,,,,,,,,,,,,,,,
 U10603, 57,,,,,,,,,,,,,,,,,,,,,,,
 U10614, 73,,,,,,,,,,,,,,,,,,,,,,,
 U10694, 84, 27, 54, 57, 27, 75, 426,, 74,, 78,,,,,, 46, 79, 59,,, 73,,
 U10742,, 101, 93,, 122,,,,,,,,,,,,,,,,,,,
 U10791, 75,,, 196,,,, 216,,,,,,,,,,,,,,,,
 U10809, 117,,,,,,,,,,,,,,,,,,,,,,,
 U10814, 108, 93, 72, 52, 44, 37, 47, 198, 65, 212, 57, 468, 187, 372, 309, 87, 226, 79, 91, 297, 354, 148, 140,
 U10816, 47, 41,,, 31,,,,,,,,,,,,,,,,,,,
 U10819, 86, 76,,,,,,,,,,,,,,,,,,,,,,
 U10826, 49, 101,,,,,,,,,,,,,,,,,,,,,,
 U10831, 56, 23, 28, 36, 38, 28, 93, 118, 71, 123, 79, 270, 115, 1176, 478, 137, 72, 44, 103, 80, 156, 104, 129,
 U10857, 186, 90,,,,,,,,,,,,,,,,,,,,,,
 U10872, 83, 143, 44, 22, 25,,,,,,,,,,,, 102,,,,,,,
 U10981, 129,, 91,,,,,,,,,,,,,,,,,,,,,
 U11104, 182,,,,,,,,,,,,,,,,,,,,,,,
 U11188, 153, 43,,,,,,,,,,,,,,,,,,,,,,
 U11213, 308, 27, 82, 95, 37,,,,,,,,,,,,,,,,,,,
 U11214, 59, 48, 72, 37, 28, 836,, 336, 184, 619, 42,,,,,, 229, 152, 204, 353,, 242,,
 U11251, 112, 40,, 74,,,,,,,,,,,,,,,,,,,,
 U11284, 26, 22, 42, 19, 27,,,,,,,,,,,,,,,,,,,
 U11320, 78,,,,,,,,,,,,,,,,,,,,,,,
 U11333, 24, 30, 28, 30, 27,,,,,,,,,,,, 60,,,,,,,
 U11352, 47, 84, 5,, 27,,,,,,,,,,,,,,,,,,,
 U11359, 81, 115,,,,,,,,,,,,,,,,,,,,,,
 U11361, 404, 107,,,,,,,,,,,,,,,,,,,,,,
 U11408, 101, 36, 32, 110,,,,,,,,,,,,,,,,,,,,
 U11422, 123, 32, 75, 41,,,,,,,,,,,,,,,,,,,,
 U11467, 61,,,,,,,,,,,,,,,,,,,,,,,
 U11484, 49,,,,,,,,,,,,,,,,,,,,,,,
 U11564, 146, 164,,,,,,,,,,,,,,,,,,,,,,
 U11592, 112, 19,, 44, 28,,, 111,,,, 206,,,,, 70, 63, 187, 85,,,,
 U11684, 105,,,,,,,,,,,,,,,,,,,,,,,
 U11710, 132, 75, 35, 20, 57,,,,,,,,,,,, 63,,,,,,,
 U11711, 127, 23, 18, 22, 29, 69, 48, 151, 41, 124, 37, 169, 66, 101, 210, 223, 57, 75, 61, 172,, 45,,
 U11717, 139, 75,,, 70,,,,,,,,,,,,,,,,,,,
 U11729, 865, 22, 20, 28, 31, 464, 679,, 232,,,,,,,, 282, 139,,,, 29,,
 U11730, 129, 31, 29, 106, 51,,,,,,,,,,,, 113,,,,,,,
 U11739, 126,,,,,,,,,,,,,,,,,,,,,,,
 U11762, 50,,,,,,,,,,,,,,,,,,,,,,,
 U11764, 193,,, 39, 169,,,,,, 654,,,,,, 53,,,,,,,
 U11766, 48, 66,,,,,,,,,,,,,,,,,,,,,,
 U11804, 23,,,,,,,,,,,,,,,,,,,,,,,
 U11836, 284, 255, 54, 176, 221, 36, 411, 302, 42, 211, 79, 198,,,, 539, 477, 312, 310, 785,, 137, 157,
 U11867, 76, 91, 72, 72, 29, 562, 91, 721, 42, 325, 252,,,,,, 89, 71, 148,,, 49, 121,
 U11881, 58, 26, 72, 24, 56, 200, 64, 251, 59, 300, 96, 177, 761,,, 191, 138, 48, 252, 94, 136, 712, 206,
 U11895, 36,,,,, 51,,,,,,,,,,,,, 134,, 640,,,
 U11896, 669, 26, 182, 52, 34, 36, 76, 103, 220, 150, 73, 1081, 226,,, 254, 42, 124, 313, 308,, 101, 463,
 U11924, 109, 62,,,,,,,,,,,,,,,,,,,,,,
 U11948, 108, 126,,,,,,,,,,,,,,,,,,,,,,
 U11955, 28, 39, 30, 30, 19, 17, 74, 64, 36, 155, 56, 224, 35, 288, 175, 129, 63, 48, 101, 65, 218, 43, 96,
 U11976, 24,,,,,,,,,,,,,,,,,,,,,,,
 U11980, 85,,,,,,,,,,,,,,,,,,,,,,,
 U12062, 43,,,,,,,,,,,,,,,,,,,,,,,
 U12219, 59,,,,,,,,,,,,,,,,,,,,,,,
 U12345, 29,,,,,,,,,,,,,,,,,,,,,,,
 U12380, 121,,,,,,,,,,,,,,,,,,,,,,,
 U12435, 183, 159, 22, 70, 243,,,,,,,,,,,, 93,,,,,,,
 U12518, 35,,,,,,,,,,,,,,,,,,,,,,,
 U12534, 58, 352,,,,,,,,,,,,,,,,,,,,,,
 U12553, 105, 472, 28, 46, 161, 372, 233,, 37,,,,,,,, 189, 156,,,,,,
 U12559, 187,,,,,,,,,,,,,,,,,,,,,,,